assignment,knot_id_base
baseline_canonical,13a3092
baseline_canonical,13a4878
baseline_canonical,14n01955
baseline_canonical,14n05024
baseline_canonical,14n07507
baseline_canonical,14n07560
baseline_canonical,14n08362
baseline_canonical,14n08510
baseline_canonical,14n09742
baseline_canonical,14n12201
baseline_canonical,14n15856
baseline_canonical,14n18079
baseline_canonical,14n19947
baseline_canonical,14n21324
baseline_canonical,14n23835
baseline_canonical,14n24120
baseline_canonical,14n24551
baseline_canonical,14n24763
baseline_canonical,14n24778
baseline_canonical,14n27179
baseline_canonical,14n27214
baseline_canonical,14n27436
baseline_canonical,15a41133
baseline_canonical,15a51447
baseline_canonical,15a54584
baseline_canonical,15a54597
baseline_canonical,15a54664
baseline_canonical,15a54671
baseline_canonical,15a54813
baseline_canonical,15a54846
baseline_canonical,15a58615
baseline_canonical,15a58637
baseline_canonical,15a58650
baseline_canonical,15a67050
baseline_canonical,15a68273
baseline_canonical,15a69409
baseline_canonical,15a74186
baseline_canonical,15a74300
baseline_canonical,15a74865
baseline_canonical,15a78720
baseline_canonical,15a78721
baseline_canonical,15a78727
baseline_canonical,15a78734
baseline_canonical,15a78793
baseline_canonical,15a78802
baseline_canonical,15a78843
baseline_canonical,15a81420
baseline_canonical,15a82172
baseline_canonical,15a82178
baseline_canonical,15a83944
baseline_canonical,15a84245
baseline_canonical,15a84772
baseline_canonical,15a84773
baseline_canonical,15a84775
baseline_canonical,15a84784
baseline_canonical,15a84787
baseline_canonical,15a84790
baseline_canonical,15a84832
baseline_canonical,15a84957
baseline_canonical,15a85074
baseline_canonical,15a85170
baseline_canonical,15a85171
baseline_canonical,15a85172
baseline_canonical,15a85181
baseline_canonical,15a85193
baseline_canonical,15a85204
baseline_canonical,15a85240
baseline_canonical,15a85241
baseline_canonical,15a85245
baseline_canonical,15a85246
baseline_canonical,15a85247
baseline_canonical,15a85258
baseline_canonical,15a85259
baseline_canonical,15n005173
baseline_canonical,15n005788
baseline_canonical,15n005900
baseline_canonical,15n006162
baseline_canonical,15n008500
baseline_canonical,15n012212
baseline_canonical,15n012301
baseline_canonical,15n012482
baseline_canonical,15n012642
baseline_canonical,15n013472
baseline_canonical,15n013955
baseline_canonical,15n015791
baseline_canonical,15n018530
baseline_canonical,15n018579
baseline_canonical,15n026021
baseline_canonical,15n027211
baseline_canonical,15n028035
baseline_canonical,15n031211
baseline_canonical,15n031235
baseline_canonical,15n031240
baseline_canonical,15n031888
baseline_canonical,15n032227
baseline_canonical,15n032331
baseline_canonical,15n032334
baseline_canonical,15n032574
baseline_canonical,15n032653
baseline_canonical,15n033777
baseline_canonical,15n033851
baseline_canonical,15n038323
baseline_canonical,15n038419
baseline_canonical,15n040125
baseline_canonical,15n041009
baseline_canonical,15n041132
baseline_canonical,15n043686
baseline_canonical,15n045218
baseline_canonical,15n046405
baseline_canonical,15n046450
baseline_canonical,15n046508
baseline_canonical,15n046825
baseline_canonical,15n048057
baseline_canonical,15n048979
baseline_canonical,15n050148
baseline_canonical,15n050179
baseline_canonical,15n054115
baseline_canonical,15n055347
baseline_canonical,15n055395
baseline_canonical,15n055558
baseline_canonical,15n055602
baseline_canonical,15n056608
baseline_canonical,15n057093
baseline_canonical,15n060856
baseline_canonical,15n061299
baseline_canonical,15n062629
baseline_canonical,15n062696
baseline_canonical,15n068007
baseline_canonical,15n068021
baseline_canonical,15n068323
baseline_canonical,15n079291
baseline_canonical,15n080794
baseline_canonical,15n082717
baseline_canonical,15n083035
baseline_canonical,15n084090
baseline_canonical,15n084272
baseline_canonical,15n084300
baseline_canonical,15n084461
baseline_canonical,15n086486
baseline_canonical,15n086622
baseline_canonical,15n087652
baseline_canonical,15n087971
baseline_canonical,15n088458
baseline_canonical,15n089064
baseline_canonical,15n093546
baseline_canonical,15n094282
baseline_canonical,15n094893
baseline_canonical,15n096183
baseline_canonical,15n096562
baseline_canonical,15n103051
baseline_canonical,15n106833
baseline_canonical,15n107018
baseline_canonical,15n107177
baseline_canonical,15n107223
baseline_canonical,15n108154
baseline_canonical,15n108315
baseline_canonical,15n110206
baseline_canonical,15n110281
baseline_canonical,15n115419
baseline_canonical,15n115629
baseline_canonical,15n116367
baseline_canonical,15n116901
baseline_canonical,15n119483
baseline_canonical,15n120002
baseline_canonical,15n121436
baseline_canonical,15n122242
baseline_canonical,15n122445
baseline_canonical,15n122907
baseline_canonical,15n125077
baseline_canonical,15n130688
baseline_canonical,15n133019
baseline_canonical,15n133040
baseline_canonical,15n133702
baseline_canonical,15n135861
baseline_canonical,15n135916
baseline_canonical,15n136334
baseline_canonical,15n137353
baseline_canonical,15n139999
baseline_canonical,15n140472
baseline_canonical,15n140484
baseline_canonical,15n140504
baseline_canonical,15n140512
baseline_canonical,15n140525
baseline_canonical,15n140634
baseline_canonical,15n142168
baseline_canonical,15n142188
baseline_canonical,15n142411
baseline_canonical,15n143434
baseline_canonical,15n143607
baseline_canonical,15n143746
baseline_canonical,15n147304
baseline_canonical,15n148674
baseline_canonical,15n149210
baseline_canonical,15n150441
baseline_canonical,15n156260
baseline_canonical,15n158421
baseline_canonical,15n159643
baseline_canonical,15n159744
baseline_canonical,15n159774
baseline_canonical,15n159815
baseline_canonical,15n160316
baseline_canonical,15n161008
baseline_canonical,15n161040
baseline_canonical,15n161055
baseline_canonical,15n163276
baseline_canonical,15n163295
baseline_canonical,15n163303
baseline_canonical,15n163311
baseline_canonical,15n163322
baseline_canonical,15n163697
baseline_canonical,15n163708
baseline_canonical,15n163769
baseline_canonical,15n164605
baseline_canonical,15n164606
baseline_canonical,15n164613
baseline_canonical,15n164614
baseline_canonical,15n164615
baseline_canonical,15n164617
baseline_canonical,15n164618
baseline_canonical,15n166674
global_all_mirrored,13a3092
global_all_mirrored,13a4878
global_all_mirrored,14n01955
global_all_mirrored,14n05024
global_all_mirrored,14n07507
global_all_mirrored,14n07560
global_all_mirrored,14n08362
global_all_mirrored,14n08510
global_all_mirrored,14n09742
global_all_mirrored,14n12201
global_all_mirrored,14n15856
global_all_mirrored,14n18079
global_all_mirrored,14n19947
global_all_mirrored,14n21324
global_all_mirrored,14n23835
global_all_mirrored,14n24120
global_all_mirrored,14n24551
global_all_mirrored,14n24763
global_all_mirrored,14n24778
global_all_mirrored,14n27179
global_all_mirrored,14n27214
global_all_mirrored,14n27436
global_all_mirrored,15a41133
global_all_mirrored,15a51447
global_all_mirrored,15a54584
global_all_mirrored,15a54597
global_all_mirrored,15a54664
global_all_mirrored,15a54671
global_all_mirrored,15a54813
global_all_mirrored,15a54846
global_all_mirrored,15a58615
global_all_mirrored,15a58637
global_all_mirrored,15a58650
global_all_mirrored,15a67050
global_all_mirrored,15a68273
global_all_mirrored,15a69409
global_all_mirrored,15a74186
global_all_mirrored,15a74300
global_all_mirrored,15a74865
global_all_mirrored,15a78720
global_all_mirrored,15a78721
global_all_mirrored,15a78727
global_all_mirrored,15a78734
global_all_mirrored,15a78793
global_all_mirrored,15a78802
global_all_mirrored,15a78843
global_all_mirrored,15a81420
global_all_mirrored,15a82172
global_all_mirrored,15a82178
global_all_mirrored,15a83944
global_all_mirrored,15a84245
global_all_mirrored,15a84772
global_all_mirrored,15a84773
global_all_mirrored,15a84775
global_all_mirrored,15a84784
global_all_mirrored,15a84787
global_all_mirrored,15a84790
global_all_mirrored,15a84832
global_all_mirrored,15a84957
global_all_mirrored,15a85074
global_all_mirrored,15a85170
global_all_mirrored,15a85171
global_all_mirrored,15a85172
global_all_mirrored,15a85181
global_all_mirrored,15a85193
global_all_mirrored,15a85204
global_all_mirrored,15a85240
global_all_mirrored,15a85241
global_all_mirrored,15a85245
global_all_mirrored,15a85246
global_all_mirrored,15a85247
global_all_mirrored,15a85258
global_all_mirrored,15a85259
global_all_mirrored,15n005173
global_all_mirrored,15n005788
global_all_mirrored,15n005900
global_all_mirrored,15n006162
global_all_mirrored,15n008500
global_all_mirrored,15n012212
global_all_mirrored,15n012301
global_all_mirrored,15n012482
global_all_mirrored,15n012642
global_all_mirrored,15n013472
global_all_mirrored,15n013955
global_all_mirrored,15n015791
global_all_mirrored,15n018530
global_all_mirrored,15n018579
global_all_mirrored,15n024760
global_all_mirrored,15n026021
global_all_mirrored,15n027181
global_all_mirrored,15n027211
global_all_mirrored,15n028035
global_all_mirrored,15n031211
global_all_mirrored,15n031235
global_all_mirrored,15n031240
global_all_mirrored,15n031888
global_all_mirrored,15n032227
global_all_mirrored,15n032331
global_all_mirrored,15n032334
global_all_mirrored,15n032574
global_all_mirrored,15n032653
global_all_mirrored,15n033777
global_all_mirrored,15n033851
global_all_mirrored,15n038323
global_all_mirrored,15n038419
global_all_mirrored,15n040125
global_all_mirrored,15n041009
global_all_mirrored,15n041132
global_all_mirrored,15n043686
global_all_mirrored,15n045218
global_all_mirrored,15n046405
global_all_mirrored,15n046450
global_all_mirrored,15n046508
global_all_mirrored,15n046825
global_all_mirrored,15n048057
global_all_mirrored,15n050148
global_all_mirrored,15n050179
global_all_mirrored,15n054115
global_all_mirrored,15n055347
global_all_mirrored,15n055395
global_all_mirrored,15n055558
global_all_mirrored,15n055602
global_all_mirrored,15n056608
global_all_mirrored,15n057093
global_all_mirrored,15n058010
global_all_mirrored,15n060856
global_all_mirrored,15n061299
global_all_mirrored,15n062629
global_all_mirrored,15n062696
global_all_mirrored,15n068007
global_all_mirrored,15n068021
global_all_mirrored,15n068323
global_all_mirrored,15n079291
global_all_mirrored,15n080794
global_all_mirrored,15n082717
global_all_mirrored,15n083035
global_all_mirrored,15n084090
global_all_mirrored,15n084272
global_all_mirrored,15n084300
global_all_mirrored,15n084461
global_all_mirrored,15n086486
global_all_mirrored,15n086622
global_all_mirrored,15n087652
global_all_mirrored,15n087971
global_all_mirrored,15n088458
global_all_mirrored,15n089064
global_all_mirrored,15n093546
global_all_mirrored,15n094282
global_all_mirrored,15n094893
global_all_mirrored,15n096183
global_all_mirrored,15n096562
global_all_mirrored,15n103051
global_all_mirrored,15n106833
global_all_mirrored,15n107018
global_all_mirrored,15n107177
global_all_mirrored,15n107223
global_all_mirrored,15n108154
global_all_mirrored,15n108315
global_all_mirrored,15n110206
global_all_mirrored,15n110281
global_all_mirrored,15n115419
global_all_mirrored,15n115629
global_all_mirrored,15n116367
global_all_mirrored,15n116901
global_all_mirrored,15n119483
global_all_mirrored,15n120002
global_all_mirrored,15n122242
global_all_mirrored,15n122445
global_all_mirrored,15n122907
global_all_mirrored,15n125077
global_all_mirrored,15n130688
global_all_mirrored,15n133019
global_all_mirrored,15n133040
global_all_mirrored,15n133702
global_all_mirrored,15n135861
global_all_mirrored,15n135916
global_all_mirrored,15n136334
global_all_mirrored,15n137353
global_all_mirrored,15n139999
global_all_mirrored,15n140472
global_all_mirrored,15n140484
global_all_mirrored,15n140504
global_all_mirrored,15n140512
global_all_mirrored,15n140525
global_all_mirrored,15n140634
global_all_mirrored,15n142168
global_all_mirrored,15n142188
global_all_mirrored,15n142411
global_all_mirrored,15n143434
global_all_mirrored,15n143607
global_all_mirrored,15n143746
global_all_mirrored,15n147304
global_all_mirrored,15n148674
global_all_mirrored,15n149210
global_all_mirrored,15n150441
global_all_mirrored,15n156260
global_all_mirrored,15n158421
global_all_mirrored,15n159643
global_all_mirrored,15n159744
global_all_mirrored,15n159774
global_all_mirrored,15n159815
global_all_mirrored,15n160316
global_all_mirrored,15n161008
global_all_mirrored,15n161040
global_all_mirrored,15n161055
global_all_mirrored,15n163276
global_all_mirrored,15n163295
global_all_mirrored,15n163303
global_all_mirrored,15n163311
global_all_mirrored,15n163322
global_all_mirrored,15n163697
global_all_mirrored,15n163708
global_all_mirrored,15n163769
global_all_mirrored,15n164605
global_all_mirrored,15n164606
global_all_mirrored,15n164613
global_all_mirrored,15n164614
global_all_mirrored,15n164615
global_all_mirrored,15n164617
global_all_mirrored,15n164618
global_all_mirrored,15n166674
random_seed_20260830,13a3092
random_seed_20260830,13a4878
random_seed_20260830,14n01955
random_seed_20260830,14n03580
random_seed_20260830,14n04819
random_seed_20260830,14n05024
random_seed_20260830,14n06022
random_seed_20260830,14n06023
random_seed_20260830,14n07507
random_seed_20260830,14n07560
random_seed_20260830,14n07838
random_seed_20260830,14n08362
random_seed_20260830,14n08510
random_seed_20260830,14n09219
random_seed_20260830,14n09274
random_seed_20260830,14n09525
random_seed_20260830,14n09742
random_seed_20260830,14n10320
random_seed_20260830,14n11322
random_seed_20260830,14n11799
random_seed_20260830,14n12201
random_seed_20260830,14n12557
random_seed_20260830,14n12701
random_seed_20260830,14n13191
random_seed_20260830,14n14544
random_seed_20260830,14n14620
random_seed_20260830,14n15317
random_seed_20260830,14n15856
random_seed_20260830,14n16364
random_seed_20260830,14n17435
random_seed_20260830,14n18079
random_seed_20260830,14n18217
random_seed_20260830,14n18290
random_seed_20260830,14n19749
random_seed_20260830,14n19763
random_seed_20260830,14n19768
random_seed_20260830,14n19772
random_seed_20260830,14n19894
random_seed_20260830,14n19947
random_seed_20260830,14n19984
random_seed_20260830,14n20188
random_seed_20260830,14n20375
random_seed_20260830,14n20382
random_seed_20260830,14n20459
random_seed_20260830,14n20460
random_seed_20260830,14n20483
random_seed_20260830,14n20502
random_seed_20260830,14n20614
random_seed_20260830,14n20618
random_seed_20260830,14n20623
random_seed_20260830,14n20624
random_seed_20260830,14n20639
random_seed_20260830,14n20644
random_seed_20260830,14n20645
random_seed_20260830,14n20656
random_seed_20260830,14n20658
random_seed_20260830,14n20679
random_seed_20260830,14n20750
random_seed_20260830,14n20757
random_seed_20260830,14n20761
random_seed_20260830,14n20789
random_seed_20260830,14n20975
random_seed_20260830,14n21085
random_seed_20260830,14n21324
random_seed_20260830,14n21717
random_seed_20260830,14n21881
random_seed_20260830,14n22068
random_seed_20260830,14n22108
random_seed_20260830,14n22361
random_seed_20260830,14n22882
random_seed_20260830,14n23835
random_seed_20260830,14n24120
random_seed_20260830,14n24551
random_seed_20260830,14n24763
random_seed_20260830,14n24778
random_seed_20260830,14n27179
random_seed_20260830,14n27214
random_seed_20260830,14n27436
random_seed_20260830,15a51218
random_seed_20260830,15a54584
random_seed_20260830,15a54664
random_seed_20260830,15a54813
random_seed_20260830,15a58615
random_seed_20260830,15a58637
random_seed_20260830,15a58650
random_seed_20260830,15a67050
random_seed_20260830,15a69409
random_seed_20260830,15a74186
random_seed_20260830,15a74300
random_seed_20260830,15a74865
random_seed_20260830,15a78720
random_seed_20260830,15a78793
random_seed_20260830,15a78843
random_seed_20260830,15a81420
random_seed_20260830,15a82172
random_seed_20260830,15a82178
random_seed_20260830,15a83944
random_seed_20260830,15a84245
random_seed_20260830,15a84772
random_seed_20260830,15a84784
random_seed_20260830,15a84787
random_seed_20260830,15a84957
random_seed_20260830,15a85074
random_seed_20260830,15a85170
random_seed_20260830,15a85181
random_seed_20260830,15a85193
random_seed_20260830,15a85240
random_seed_20260830,15a85245
random_seed_20260830,15a85246
random_seed_20260830,15a85258
random_seed_20260830,15a85259
random_seed_20260830,15n005552
random_seed_20260830,15n005650
random_seed_20260830,15n005788
random_seed_20260830,15n005900
random_seed_20260830,15n006050
random_seed_20260830,15n006107
random_seed_20260830,15n008500
random_seed_20260830,15n012212
random_seed_20260830,15n012301
random_seed_20260830,15n012324
random_seed_20260830,15n012482
random_seed_20260830,15n012642
random_seed_20260830,15n012951
random_seed_20260830,15n013123
random_seed_20260830,15n013472
random_seed_20260830,15n013551
random_seed_20260830,15n013955
random_seed_20260830,15n015791
random_seed_20260830,15n018579
random_seed_20260830,15n022172
random_seed_20260830,15n022479
random_seed_20260830,15n022530
random_seed_20260830,15n022790
random_seed_20260830,15n022987
random_seed_20260830,15n024760
random_seed_20260830,15n024851
random_seed_20260830,15n025153
random_seed_20260830,15n026021
random_seed_20260830,15n027181
random_seed_20260830,15n027211
random_seed_20260830,15n030427
random_seed_20260830,15n030452
random_seed_20260830,15n030953
random_seed_20260830,15n031211
random_seed_20260830,15n031235
random_seed_20260830,15n031240
random_seed_20260830,15n031888
random_seed_20260830,15n031932
random_seed_20260830,15n032227
random_seed_20260830,15n032574
random_seed_20260830,15n032653
random_seed_20260830,15n033777
random_seed_20260830,15n033851
random_seed_20260830,15n036746
random_seed_20260830,15n038323
random_seed_20260830,15n038419
random_seed_20260830,15n040125
random_seed_20260830,15n040183
random_seed_20260830,15n040211
random_seed_20260830,15n040293
random_seed_20260830,15n040602
random_seed_20260830,15n041009
random_seed_20260830,15n041132
random_seed_20260830,15n041228
random_seed_20260830,15n043147
random_seed_20260830,15n043357
random_seed_20260830,15n043686
random_seed_20260830,15n045111
random_seed_20260830,15n045151
random_seed_20260830,15n045196
random_seed_20260830,15n045218
random_seed_20260830,15n045328
random_seed_20260830,15n045465
random_seed_20260830,15n045707
random_seed_20260830,15n046450
random_seed_20260830,15n046470
random_seed_20260830,15n046475
random_seed_20260830,15n046508
random_seed_20260830,15n046825
random_seed_20260830,15n047893
random_seed_20260830,15n048057
random_seed_20260830,15n048979
random_seed_20260830,15n050268
random_seed_20260830,15n052191
random_seed_20260830,15n052211
random_seed_20260830,15n052312
random_seed_20260830,15n053717
random_seed_20260830,15n053776
random_seed_20260830,15n054047
random_seed_20260830,15n054115
random_seed_20260830,15n054809
random_seed_20260830,15n055065
random_seed_20260830,15n055108
random_seed_20260830,15n055109
random_seed_20260830,15n055347
random_seed_20260830,15n055377
random_seed_20260830,15n055395
random_seed_20260830,15n055412
random_seed_20260830,15n055602
random_seed_20260830,15n056215
random_seed_20260830,15n056608
random_seed_20260830,15n057093
random_seed_20260830,15n057679
random_seed_20260830,15n057733
random_seed_20260830,15n057962
random_seed_20260830,15n058010
random_seed_20260830,15n058489
random_seed_20260830,15n059424
random_seed_20260830,15n060856
random_seed_20260830,15n061299
random_seed_20260830,15n062629
random_seed_20260830,15n062696
random_seed_20260830,15n064289
random_seed_20260830,15n068007
random_seed_20260830,15n068021
random_seed_20260830,15n068024
random_seed_20260830,15n068323
random_seed_20260830,15n070370
random_seed_20260830,15n070531
random_seed_20260830,15n078503
random_seed_20260830,15n079290
random_seed_20260830,15n079291
random_seed_20260830,15n079322
random_seed_20260830,15n079817
random_seed_20260830,15n080794
random_seed_20260830,15n082717
random_seed_20260830,15n082934
random_seed_20260830,15n084090
random_seed_20260830,15n084272
random_seed_20260830,15n084300
random_seed_20260830,15n084461
random_seed_20260830,15n085691
random_seed_20260830,15n085695
random_seed_20260830,15n085999
random_seed_20260830,15n086052
random_seed_20260830,15n086622
random_seed_20260830,15n086672
random_seed_20260830,15n087652
random_seed_20260830,15n087971
random_seed_20260830,15n088458
random_seed_20260830,15n089064
random_seed_20260830,15n090366
random_seed_20260830,15n091714
random_seed_20260830,15n092547
random_seed_20260830,15n092754
random_seed_20260830,15n093546
random_seed_20260830,15n093574
random_seed_20260830,15n093740
random_seed_20260830,15n093750
random_seed_20260830,15n094073
random_seed_20260830,15n094893
random_seed_20260830,15n096183
random_seed_20260830,15n096254
random_seed_20260830,15n096700
random_seed_20260830,15n096709
random_seed_20260830,15n097029
random_seed_20260830,15n097264
random_seed_20260830,15n099463
random_seed_20260830,15n099548
random_seed_20260830,15n100130
random_seed_20260830,15n100287
random_seed_20260830,15n100681
random_seed_20260830,15n100702
random_seed_20260830,15n101016
random_seed_20260830,15n101733
random_seed_20260830,15n103051
random_seed_20260830,15n103623
random_seed_20260830,15n104914
random_seed_20260830,15n105794
random_seed_20260830,15n105916
random_seed_20260830,15n105942
random_seed_20260830,15n106007
random_seed_20260830,15n106833
random_seed_20260830,15n107177
random_seed_20260830,15n107223
random_seed_20260830,15n107682
random_seed_20260830,15n108154
random_seed_20260830,15n108315
random_seed_20260830,15n110206
random_seed_20260830,15n110281
random_seed_20260830,15n110459
random_seed_20260830,15n115283
random_seed_20260830,15n115456
random_seed_20260830,15n115820
random_seed_20260830,15n116367
random_seed_20260830,15n116901
random_seed_20260830,15n120002
random_seed_20260830,15n120926
random_seed_20260830,15n121436
random_seed_20260830,15n121457
random_seed_20260830,15n121538
random_seed_20260830,15n122242
random_seed_20260830,15n122445
random_seed_20260830,15n125077
random_seed_20260830,15n125942
random_seed_20260830,15n127273
random_seed_20260830,15n130688
random_seed_20260830,15n133019
random_seed_20260830,15n133040
random_seed_20260830,15n133220
random_seed_20260830,15n133336
random_seed_20260830,15n133702
random_seed_20260830,15n135861
random_seed_20260830,15n135916
random_seed_20260830,15n135963
random_seed_20260830,15n136334
random_seed_20260830,15n137353
random_seed_20260830,15n138128
random_seed_20260830,15n139176
random_seed_20260830,15n139999
random_seed_20260830,15n140176
random_seed_20260830,15n140192
random_seed_20260830,15n140472
random_seed_20260830,15n140484
random_seed_20260830,15n140504
random_seed_20260830,15n140512
random_seed_20260830,15n140525
random_seed_20260830,15n140618
random_seed_20260830,15n140634
random_seed_20260830,15n142168
random_seed_20260830,15n142188
random_seed_20260830,15n142411
random_seed_20260830,15n143607
random_seed_20260830,15n143746
random_seed_20260830,15n147304
random_seed_20260830,15n147459
random_seed_20260830,15n148018
random_seed_20260830,15n148630
random_seed_20260830,15n148674
random_seed_20260830,15n149210
random_seed_20260830,15n150441
random_seed_20260830,15n150829
random_seed_20260830,15n150908
random_seed_20260830,15n150981
random_seed_20260830,15n153400
random_seed_20260830,15n156260
random_seed_20260830,15n156377
random_seed_20260830,15n156616
random_seed_20260830,15n158421
random_seed_20260830,15n158502
random_seed_20260830,15n159643
random_seed_20260830,15n159724
random_seed_20260830,15n159744
random_seed_20260830,15n159774
random_seed_20260830,15n159815
random_seed_20260830,15n160316
random_seed_20260830,15n161008
random_seed_20260830,15n161040
random_seed_20260830,15n161055
random_seed_20260830,15n161192
random_seed_20260830,15n161526
random_seed_20260830,15n163189
random_seed_20260830,15n163276
random_seed_20260830,15n163295
random_seed_20260830,15n163303
random_seed_20260830,15n163322
random_seed_20260830,15n163697
random_seed_20260830,15n163708
random_seed_20260830,15n163769
random_seed_20260830,15n163772
random_seed_20260830,15n164605
random_seed_20260830,15n164606
random_seed_20260830,15n164614
random_seed_20260830,15n164615
random_seed_20260830,15n164618
random_seed_20260830,15n166674
random_seed_20260831,13a3092
random_seed_20260831,13a4878
random_seed_20260831,14n01955
random_seed_20260831,14n04819
random_seed_20260831,14n05024
random_seed_20260831,14n06022
random_seed_20260831,14n06023
random_seed_20260831,14n07507
random_seed_20260831,14n07560
random_seed_20260831,14n08362
random_seed_20260831,14n08510
random_seed_20260831,14n09219
random_seed_20260831,14n09274
random_seed_20260831,14n09525
random_seed_20260831,14n09742
random_seed_20260831,14n10320
random_seed_20260831,14n11242
random_seed_20260831,14n11322
random_seed_20260831,14n11799
random_seed_20260831,14n12201
random_seed_20260831,14n12557
random_seed_20260831,14n12701
random_seed_20260831,14n13191
random_seed_20260831,14n14620
random_seed_20260831,14n15856
random_seed_20260831,14n16364
random_seed_20260831,14n17435
random_seed_20260831,14n18079
random_seed_20260831,14n18217
random_seed_20260831,14n18339
random_seed_20260831,14n19749
random_seed_20260831,14n19763
random_seed_20260831,14n19768
random_seed_20260831,14n19772
random_seed_20260831,14n19894
random_seed_20260831,14n19947
random_seed_20260831,14n19984
random_seed_20260831,14n20188
random_seed_20260831,14n20375
random_seed_20260831,14n20382
random_seed_20260831,14n20459
random_seed_20260831,14n20460
random_seed_20260831,14n20467
random_seed_20260831,14n20475
random_seed_20260831,14n20483
random_seed_20260831,14n20502
random_seed_20260831,14n20614
random_seed_20260831,14n20618
random_seed_20260831,14n20624
random_seed_20260831,14n20639
random_seed_20260831,14n20644
random_seed_20260831,14n20645
random_seed_20260831,14n20656
random_seed_20260831,14n20679
random_seed_20260831,14n20750
random_seed_20260831,14n20757
random_seed_20260831,14n20761
random_seed_20260831,14n20789
random_seed_20260831,14n20975
random_seed_20260831,14n21024
random_seed_20260831,14n21085
random_seed_20260831,14n21324
random_seed_20260831,14n21717
random_seed_20260831,14n21881
random_seed_20260831,14n22068
random_seed_20260831,14n22108
random_seed_20260831,14n22361
random_seed_20260831,14n23835
random_seed_20260831,14n24120
random_seed_20260831,14n24551
random_seed_20260831,14n24763
random_seed_20260831,14n24778
random_seed_20260831,14n27179
random_seed_20260831,14n27214
random_seed_20260831,14n27436
random_seed_20260831,15a51218
random_seed_20260831,15a54584
random_seed_20260831,15a54664
random_seed_20260831,15a54670
random_seed_20260831,15a54813
random_seed_20260831,15a58615
random_seed_20260831,15a58637
random_seed_20260831,15a58650
random_seed_20260831,15a67050
random_seed_20260831,15a69409
random_seed_20260831,15a74186
random_seed_20260831,15a74300
random_seed_20260831,15a74865
random_seed_20260831,15a78720
random_seed_20260831,15a78793
random_seed_20260831,15a78843
random_seed_20260831,15a81420
random_seed_20260831,15a82172
random_seed_20260831,15a82178
random_seed_20260831,15a83944
random_seed_20260831,15a84245
random_seed_20260831,15a84772
random_seed_20260831,15a84787
random_seed_20260831,15a84789
random_seed_20260831,15a85074
random_seed_20260831,15a85170
random_seed_20260831,15a85181
random_seed_20260831,15a85182
random_seed_20260831,15a85193
random_seed_20260831,15a85240
random_seed_20260831,15a85245
random_seed_20260831,15a85246
random_seed_20260831,15a85258
random_seed_20260831,15a85259
random_seed_20260831,15n005552
random_seed_20260831,15n005607
random_seed_20260831,15n005788
random_seed_20260831,15n005900
random_seed_20260831,15n006107
random_seed_20260831,15n006125
random_seed_20260831,15n008500
random_seed_20260831,15n012212
random_seed_20260831,15n012301
random_seed_20260831,15n012482
random_seed_20260831,15n012642
random_seed_20260831,15n012951
random_seed_20260831,15n013123
random_seed_20260831,15n013472
random_seed_20260831,15n013551
random_seed_20260831,15n013955
random_seed_20260831,15n015791
random_seed_20260831,15n017769
random_seed_20260831,15n018530
random_seed_20260831,15n018579
random_seed_20260831,15n022152
random_seed_20260831,15n022172
random_seed_20260831,15n022479
random_seed_20260831,15n022530
random_seed_20260831,15n022790
random_seed_20260831,15n022987
random_seed_20260831,15n024760
random_seed_20260831,15n024851
random_seed_20260831,15n025153
random_seed_20260831,15n026021
random_seed_20260831,15n027181
random_seed_20260831,15n030427
random_seed_20260831,15n030452
random_seed_20260831,15n030953
random_seed_20260831,15n031211
random_seed_20260831,15n031235
random_seed_20260831,15n031240
random_seed_20260831,15n031888
random_seed_20260831,15n031932
random_seed_20260831,15n032227
random_seed_20260831,15n032574
random_seed_20260831,15n032653
random_seed_20260831,15n033777
random_seed_20260831,15n033851
random_seed_20260831,15n036746
random_seed_20260831,15n038323
random_seed_20260831,15n038419
random_seed_20260831,15n040125
random_seed_20260831,15n040183
random_seed_20260831,15n040211
random_seed_20260831,15n040293
random_seed_20260831,15n040908
random_seed_20260831,15n041009
random_seed_20260831,15n041132
random_seed_20260831,15n041228
random_seed_20260831,15n043147
random_seed_20260831,15n043357
random_seed_20260831,15n043686
random_seed_20260831,15n045196
random_seed_20260831,15n045218
random_seed_20260831,15n045328
random_seed_20260831,15n045465
random_seed_20260831,15n045707
random_seed_20260831,15n046470
random_seed_20260831,15n046475
random_seed_20260831,15n046508
random_seed_20260831,15n046825
random_seed_20260831,15n047893
random_seed_20260831,15n048057
random_seed_20260831,15n048979
random_seed_20260831,15n049295
random_seed_20260831,15n050268
random_seed_20260831,15n050553
random_seed_20260831,15n052211
random_seed_20260831,15n052312
random_seed_20260831,15n053717
random_seed_20260831,15n053776
random_seed_20260831,15n054047
random_seed_20260831,15n054115
random_seed_20260831,15n054809
random_seed_20260831,15n055065
random_seed_20260831,15n055108
random_seed_20260831,15n055109
random_seed_20260831,15n055347
random_seed_20260831,15n055377
random_seed_20260831,15n055395
random_seed_20260831,15n055412
random_seed_20260831,15n055602
random_seed_20260831,15n056215
random_seed_20260831,15n056608
random_seed_20260831,15n057093
random_seed_20260831,15n057679
random_seed_20260831,15n057729
random_seed_20260831,15n057733
random_seed_20260831,15n057962
random_seed_20260831,15n058010
random_seed_20260831,15n058489
random_seed_20260831,15n059424
random_seed_20260831,15n060856
random_seed_20260831,15n061299
random_seed_20260831,15n062629
random_seed_20260831,15n062696
random_seed_20260831,15n064289
random_seed_20260831,15n068007
random_seed_20260831,15n068021
random_seed_20260831,15n068024
random_seed_20260831,15n068293
random_seed_20260831,15n068323
random_seed_20260831,15n070370
random_seed_20260831,15n070531
random_seed_20260831,15n078503
random_seed_20260831,15n079290
random_seed_20260831,15n079291
random_seed_20260831,15n079322
random_seed_20260831,15n079817
random_seed_20260831,15n080794
random_seed_20260831,15n080819
random_seed_20260831,15n082717
random_seed_20260831,15n082934
random_seed_20260831,15n083035
random_seed_20260831,15n084090
random_seed_20260831,15n084272
random_seed_20260831,15n084300
random_seed_20260831,15n084461
random_seed_20260831,15n085691
random_seed_20260831,15n085695
random_seed_20260831,15n086486
random_seed_20260831,15n086622
random_seed_20260831,15n087652
random_seed_20260831,15n087971
random_seed_20260831,15n088458
random_seed_20260831,15n089064
random_seed_20260831,15n090366
random_seed_20260831,15n091714
random_seed_20260831,15n092547
random_seed_20260831,15n093546
random_seed_20260831,15n093574
random_seed_20260831,15n093740
random_seed_20260831,15n094073
random_seed_20260831,15n094893
random_seed_20260831,15n096183
random_seed_20260831,15n096254
random_seed_20260831,15n096700
random_seed_20260831,15n097029
random_seed_20260831,15n097264
random_seed_20260831,15n099463
random_seed_20260831,15n099548
random_seed_20260831,15n100130
random_seed_20260831,15n100287
random_seed_20260831,15n100681
random_seed_20260831,15n100702
random_seed_20260831,15n101016
random_seed_20260831,15n101733
random_seed_20260831,15n103051
random_seed_20260831,15n103623
random_seed_20260831,15n104914
random_seed_20260831,15n105916
random_seed_20260831,15n105942
random_seed_20260831,15n106007
random_seed_20260831,15n106833
random_seed_20260831,15n106985
random_seed_20260831,15n107018
random_seed_20260831,15n107177
random_seed_20260831,15n107223
random_seed_20260831,15n107682
random_seed_20260831,15n108154
random_seed_20260831,15n108315
random_seed_20260831,15n108639
random_seed_20260831,15n110206
random_seed_20260831,15n110281
random_seed_20260831,15n110459
random_seed_20260831,15n115283
random_seed_20260831,15n115456
random_seed_20260831,15n115820
random_seed_20260831,15n116367
random_seed_20260831,15n116901
random_seed_20260831,15n120002
random_seed_20260831,15n120926
random_seed_20260831,15n121436
random_seed_20260831,15n121457
random_seed_20260831,15n122242
random_seed_20260831,15n122445
random_seed_20260831,15n125077
random_seed_20260831,15n125942
random_seed_20260831,15n127273
random_seed_20260831,15n130688
random_seed_20260831,15n133019
random_seed_20260831,15n133040
random_seed_20260831,15n133220
random_seed_20260831,15n133336
random_seed_20260831,15n133702
random_seed_20260831,15n135861
random_seed_20260831,15n135916
random_seed_20260831,15n136334
random_seed_20260831,15n137353
random_seed_20260831,15n138128
random_seed_20260831,15n139176
random_seed_20260831,15n139999
random_seed_20260831,15n140176
random_seed_20260831,15n140192
random_seed_20260831,15n140472
random_seed_20260831,15n140484
random_seed_20260831,15n140504
random_seed_20260831,15n140512
random_seed_20260831,15n140525
random_seed_20260831,15n140618
random_seed_20260831,15n140634
random_seed_20260831,15n142168
random_seed_20260831,15n142188
random_seed_20260831,15n142411
random_seed_20260831,15n143607
random_seed_20260831,15n143746
random_seed_20260831,15n147304
random_seed_20260831,15n147459
random_seed_20260831,15n148018
random_seed_20260831,15n148630
random_seed_20260831,15n148674
random_seed_20260831,15n149210
random_seed_20260831,15n150441
random_seed_20260831,15n150829
random_seed_20260831,15n150908
random_seed_20260831,15n150981
random_seed_20260831,15n153400
random_seed_20260831,15n156260
random_seed_20260831,15n156377
random_seed_20260831,15n156616
random_seed_20260831,15n158421
random_seed_20260831,15n158502
random_seed_20260831,15n159643
random_seed_20260831,15n159724
random_seed_20260831,15n159744
random_seed_20260831,15n159774
random_seed_20260831,15n159815
random_seed_20260831,15n160316
random_seed_20260831,15n161008
random_seed_20260831,15n161040
random_seed_20260831,15n161055
random_seed_20260831,15n161192
random_seed_20260831,15n161526
random_seed_20260831,15n161833
random_seed_20260831,15n163189
random_seed_20260831,15n163276
random_seed_20260831,15n163295
random_seed_20260831,15n163303
random_seed_20260831,15n163311
random_seed_20260831,15n163322
random_seed_20260831,15n163697
random_seed_20260831,15n163708
random_seed_20260831,15n163769
random_seed_20260831,15n163772
random_seed_20260831,15n164605
random_seed_20260831,15n164606
random_seed_20260831,15n164613
random_seed_20260831,15n164614
random_seed_20260831,15n164615
random_seed_20260831,15n164617
random_seed_20260831,15n164618
random_seed_20260831,15n166674
random_seed_20260832,13a3092
random_seed_20260832,13a4878
random_seed_20260832,14n01955
random_seed_20260832,14n04819
random_seed_20260832,14n05024
random_seed_20260832,14n06022
random_seed_20260832,14n06023
random_seed_20260832,14n07507
random_seed_20260832,14n07560
random_seed_20260832,14n07838
random_seed_20260832,14n08362
random_seed_20260832,14n08510
random_seed_20260832,14n09219
random_seed_20260832,14n09274
random_seed_20260832,14n09525
random_seed_20260832,14n09742
random_seed_20260832,14n10320
random_seed_20260832,14n11322
random_seed_20260832,14n11799
random_seed_20260832,14n12201
random_seed_20260832,14n12557
random_seed_20260832,14n12701
random_seed_20260832,14n12864
random_seed_20260832,14n13191
random_seed_20260832,14n14620
random_seed_20260832,14n15856
random_seed_20260832,14n15939
random_seed_20260832,14n16364
random_seed_20260832,14n17435
random_seed_20260832,14n18079
random_seed_20260832,14n18217
random_seed_20260832,14n19749
random_seed_20260832,14n19763
random_seed_20260832,14n19768
random_seed_20260832,14n19772
random_seed_20260832,14n19894
random_seed_20260832,14n19947
random_seed_20260832,14n19984
random_seed_20260832,14n20188
random_seed_20260832,14n20382
random_seed_20260832,14n20459
random_seed_20260832,14n20460
random_seed_20260832,14n20467
random_seed_20260832,14n20483
random_seed_20260832,14n20502
random_seed_20260832,14n20624
random_seed_20260832,14n20639
random_seed_20260832,14n20645
random_seed_20260832,14n20656
random_seed_20260832,14n20679
random_seed_20260832,14n20750
random_seed_20260832,14n20757
random_seed_20260832,14n20761
random_seed_20260832,14n20789
random_seed_20260832,14n20975
random_seed_20260832,14n21024
random_seed_20260832,14n21085
random_seed_20260832,14n21324
random_seed_20260832,14n21717
random_seed_20260832,14n21881
random_seed_20260832,14n22068
random_seed_20260832,14n22108
random_seed_20260832,14n22361
random_seed_20260832,14n22882
random_seed_20260832,14n23835
random_seed_20260832,14n24120
random_seed_20260832,14n24551
random_seed_20260832,14n24763
random_seed_20260832,14n24778
random_seed_20260832,14n27179
random_seed_20260832,14n27214
random_seed_20260832,15a51218
random_seed_20260832,15a54584
random_seed_20260832,15a54664
random_seed_20260832,15a54813
random_seed_20260832,15a58615
random_seed_20260832,15a58637
random_seed_20260832,15a58650
random_seed_20260832,15a67050
random_seed_20260832,15a69409
random_seed_20260832,15a74186
random_seed_20260832,15a74300
random_seed_20260832,15a74865
random_seed_20260832,15a78720
random_seed_20260832,15a78793
random_seed_20260832,15a78843
random_seed_20260832,15a81420
random_seed_20260832,15a82172
random_seed_20260832,15a82178
random_seed_20260832,15a83944
random_seed_20260832,15a84245
random_seed_20260832,15a84772
random_seed_20260832,15a84787
random_seed_20260832,15a85074
random_seed_20260832,15a85170
random_seed_20260832,15a85181
random_seed_20260832,15a85193
random_seed_20260832,15a85240
random_seed_20260832,15a85245
random_seed_20260832,15a85246
random_seed_20260832,15a85258
random_seed_20260832,15a85259
random_seed_20260832,15n005300
random_seed_20260832,15n005552
random_seed_20260832,15n005650
random_seed_20260832,15n005788
random_seed_20260832,15n005900
random_seed_20260832,15n006107
random_seed_20260832,15n006246
random_seed_20260832,15n008500
random_seed_20260832,15n012212
random_seed_20260832,15n012301
random_seed_20260832,15n012324
random_seed_20260832,15n012482
random_seed_20260832,15n012642
random_seed_20260832,15n012951
random_seed_20260832,15n013123
random_seed_20260832,15n013472
random_seed_20260832,15n013551
random_seed_20260832,15n013955
random_seed_20260832,15n015791
random_seed_20260832,15n018530
random_seed_20260832,15n018579
random_seed_20260832,15n022152
random_seed_20260832,15n022172
random_seed_20260832,15n022479
random_seed_20260832,15n022790
random_seed_20260832,15n022987
random_seed_20260832,15n024760
random_seed_20260832,15n026021
random_seed_20260832,15n027181
random_seed_20260832,15n030427
random_seed_20260832,15n030452
random_seed_20260832,15n030953
random_seed_20260832,15n031211
random_seed_20260832,15n031235
random_seed_20260832,15n031240
random_seed_20260832,15n031888
random_seed_20260832,15n031932
random_seed_20260832,15n032227
random_seed_20260832,15n032574
random_seed_20260832,15n032653
random_seed_20260832,15n033777
random_seed_20260832,15n033851
random_seed_20260832,15n036746
random_seed_20260832,15n038323
random_seed_20260832,15n038419
random_seed_20260832,15n040125
random_seed_20260832,15n040183
random_seed_20260832,15n040211
random_seed_20260832,15n040293
random_seed_20260832,15n040602
random_seed_20260832,15n041009
random_seed_20260832,15n041132
random_seed_20260832,15n041228
random_seed_20260832,15n043147
random_seed_20260832,15n043357
random_seed_20260832,15n043686
random_seed_20260832,15n045111
random_seed_20260832,15n045196
random_seed_20260832,15n045218
random_seed_20260832,15n045328
random_seed_20260832,15n045707
random_seed_20260832,15n046470
random_seed_20260832,15n046475
random_seed_20260832,15n046508
random_seed_20260832,15n046825
random_seed_20260832,15n047893
random_seed_20260832,15n048057
random_seed_20260832,15n048979
random_seed_20260832,15n052191
random_seed_20260832,15n052211
random_seed_20260832,15n052312
random_seed_20260832,15n053717
random_seed_20260832,15n054047
random_seed_20260832,15n054115
random_seed_20260832,15n054809
random_seed_20260832,15n055065
random_seed_20260832,15n055108
random_seed_20260832,15n055109
random_seed_20260832,15n055347
random_seed_20260832,15n055395
random_seed_20260832,15n055412
random_seed_20260832,15n055602
random_seed_20260832,15n056215
random_seed_20260832,15n056608
random_seed_20260832,15n057093
random_seed_20260832,15n057679
random_seed_20260832,15n057729
random_seed_20260832,15n057733
random_seed_20260832,15n057962
random_seed_20260832,15n058010
random_seed_20260832,15n058489
random_seed_20260832,15n059424
random_seed_20260832,15n060856
random_seed_20260832,15n061299
random_seed_20260832,15n062629
random_seed_20260832,15n062696
random_seed_20260832,15n064289
random_seed_20260832,15n068007
random_seed_20260832,15n068021
random_seed_20260832,15n068024
random_seed_20260832,15n068293
random_seed_20260832,15n068323
random_seed_20260832,15n070370
random_seed_20260832,15n070531
random_seed_20260832,15n076811
random_seed_20260832,15n078503
random_seed_20260832,15n079290
random_seed_20260832,15n079291
random_seed_20260832,15n079322
random_seed_20260832,15n079817
random_seed_20260832,15n080794
random_seed_20260832,15n080819
random_seed_20260832,15n082717
random_seed_20260832,15n082934
random_seed_20260832,15n083035
random_seed_20260832,15n084090
random_seed_20260832,15n084272
random_seed_20260832,15n084300
random_seed_20260832,15n084461
random_seed_20260832,15n085691
random_seed_20260832,15n085695
random_seed_20260832,15n086052
random_seed_20260832,15n086486
random_seed_20260832,15n086622
random_seed_20260832,15n087652
random_seed_20260832,15n087971
random_seed_20260832,15n088458
random_seed_20260832,15n089064
random_seed_20260832,15n090366
random_seed_20260832,15n091672
random_seed_20260832,15n091714
random_seed_20260832,15n092547
random_seed_20260832,15n093546
random_seed_20260832,15n093574
random_seed_20260832,15n093710
random_seed_20260832,15n093740
random_seed_20260832,15n094073
random_seed_20260832,15n094893
random_seed_20260832,15n096183
random_seed_20260832,15n096254
random_seed_20260832,15n096700
random_seed_20260832,15n096709
random_seed_20260832,15n097029
random_seed_20260832,15n097264
random_seed_20260832,15n099463
random_seed_20260832,15n099548
random_seed_20260832,15n100130
random_seed_20260832,15n100287
random_seed_20260832,15n100681
random_seed_20260832,15n100702
random_seed_20260832,15n101016
random_seed_20260832,15n103051
random_seed_20260832,15n103623
random_seed_20260832,15n104914
random_seed_20260832,15n105794
random_seed_20260832,15n105916
random_seed_20260832,15n105942
random_seed_20260832,15n106007
random_seed_20260832,15n106833
random_seed_20260832,15n107177
random_seed_20260832,15n107223
random_seed_20260832,15n107682
random_seed_20260832,15n108154
random_seed_20260832,15n108315
random_seed_20260832,15n110206
random_seed_20260832,15n110281
random_seed_20260832,15n110459
random_seed_20260832,15n115283
random_seed_20260832,15n115456
random_seed_20260832,15n115820
random_seed_20260832,15n116367
random_seed_20260832,15n116901
random_seed_20260832,15n120002
random_seed_20260832,15n120926
random_seed_20260832,15n121436
random_seed_20260832,15n121457
random_seed_20260832,15n122242
random_seed_20260832,15n122445
random_seed_20260832,15n125077
random_seed_20260832,15n125942
random_seed_20260832,15n127273
random_seed_20260832,15n130688
random_seed_20260832,15n133019
random_seed_20260832,15n133040
random_seed_20260832,15n133220
random_seed_20260832,15n133336
random_seed_20260832,15n133702
random_seed_20260832,15n135861
random_seed_20260832,15n135916
random_seed_20260832,15n135963
random_seed_20260832,15n135989
random_seed_20260832,15n136334
random_seed_20260832,15n137353
random_seed_20260832,15n138128
random_seed_20260832,15n139176
random_seed_20260832,15n139999
random_seed_20260832,15n140176
random_seed_20260832,15n140192
random_seed_20260832,15n140472
random_seed_20260832,15n140484
random_seed_20260832,15n140504
random_seed_20260832,15n140512
random_seed_20260832,15n140525
random_seed_20260832,15n140602
random_seed_20260832,15n140618
random_seed_20260832,15n140634
random_seed_20260832,15n142168
random_seed_20260832,15n142188
random_seed_20260832,15n142411
random_seed_20260832,15n143607
random_seed_20260832,15n143746
random_seed_20260832,15n147304
random_seed_20260832,15n147459
random_seed_20260832,15n148018
random_seed_20260832,15n148630
random_seed_20260832,15n148674
random_seed_20260832,15n149210
random_seed_20260832,15n149711
random_seed_20260832,15n150441
random_seed_20260832,15n150829
random_seed_20260832,15n150908
random_seed_20260832,15n150981
random_seed_20260832,15n153400
random_seed_20260832,15n156260
random_seed_20260832,15n156377
random_seed_20260832,15n156616
random_seed_20260832,15n158421
random_seed_20260832,15n158502
random_seed_20260832,15n159643
random_seed_20260832,15n159724
random_seed_20260832,15n159744
random_seed_20260832,15n159774
random_seed_20260832,15n159815
random_seed_20260832,15n160316
random_seed_20260832,15n161008
random_seed_20260832,15n161040
random_seed_20260832,15n161055
random_seed_20260832,15n161192
random_seed_20260832,15n161526
random_seed_20260832,15n161833
random_seed_20260832,15n163189
random_seed_20260832,15n163276
random_seed_20260832,15n163295
random_seed_20260832,15n163303
random_seed_20260832,15n163311
random_seed_20260832,15n163322
random_seed_20260832,15n163697
random_seed_20260832,15n163708
random_seed_20260832,15n163769
random_seed_20260832,15n164605
random_seed_20260832,15n164606
random_seed_20260832,15n164613
random_seed_20260832,15n164614
random_seed_20260832,15n164615
random_seed_20260832,15n164617
random_seed_20260832,15n164618
random_seed_20260832,15n166674
random_seed_20260833,13a3092
random_seed_20260833,13a4878
random_seed_20260833,14n04819
random_seed_20260833,14n05024
random_seed_20260833,14n06022
random_seed_20260833,14n06023
random_seed_20260833,14n07507
random_seed_20260833,14n07560
random_seed_20260833,14n08362
random_seed_20260833,14n08510
random_seed_20260833,14n09219
random_seed_20260833,14n09274
random_seed_20260833,14n09525
random_seed_20260833,14n09742
random_seed_20260833,14n10320
random_seed_20260833,14n12201
random_seed_20260833,14n12557
random_seed_20260833,14n12701
random_seed_20260833,14n13191
random_seed_20260833,14n14620
random_seed_20260833,14n15317
random_seed_20260833,14n15856
random_seed_20260833,14n15939
random_seed_20260833,14n16364
random_seed_20260833,14n17435
random_seed_20260833,14n18079
random_seed_20260833,14n18217
random_seed_20260833,14n19749
random_seed_20260833,14n19763
random_seed_20260833,14n19768
random_seed_20260833,14n19772
random_seed_20260833,14n19894
random_seed_20260833,14n19947
random_seed_20260833,14n19984
random_seed_20260833,14n20188
random_seed_20260833,14n20375
random_seed_20260833,14n20382
random_seed_20260833,14n20459
random_seed_20260833,14n20467
random_seed_20260833,14n20475
random_seed_20260833,14n20483
random_seed_20260833,14n20502
random_seed_20260833,14n20614
random_seed_20260833,14n20624
random_seed_20260833,14n20639
random_seed_20260833,14n20645
random_seed_20260833,14n20656
random_seed_20260833,14n20679
random_seed_20260833,14n20750
random_seed_20260833,14n20757
random_seed_20260833,14n20761
random_seed_20260833,14n20789
random_seed_20260833,14n20975
random_seed_20260833,14n21024
random_seed_20260833,14n21085
random_seed_20260833,14n21324
random_seed_20260833,14n21717
random_seed_20260833,14n21881
random_seed_20260833,14n22068
random_seed_20260833,14n22108
random_seed_20260833,14n22361
random_seed_20260833,14n22882
random_seed_20260833,14n23835
random_seed_20260833,14n24120
random_seed_20260833,14n24551
random_seed_20260833,14n24763
random_seed_20260833,14n24778
random_seed_20260833,14n25086
random_seed_20260833,14n27179
random_seed_20260833,14n27214
random_seed_20260833,15a51218
random_seed_20260833,15a54584
random_seed_20260833,15a54664
random_seed_20260833,15a54670
random_seed_20260833,15a54813
random_seed_20260833,15a58615
random_seed_20260833,15a58637
random_seed_20260833,15a58650
random_seed_20260833,15a67050
random_seed_20260833,15a69409
random_seed_20260833,15a74186
random_seed_20260833,15a74865
random_seed_20260833,15a78720
random_seed_20260833,15a78793
random_seed_20260833,15a78843
random_seed_20260833,15a81420
random_seed_20260833,15a82172
random_seed_20260833,15a82178
random_seed_20260833,15a83944
random_seed_20260833,15a84245
random_seed_20260833,15a84772
random_seed_20260833,15a84787
random_seed_20260833,15a85074
random_seed_20260833,15a85170
random_seed_20260833,15a85181
random_seed_20260833,15a85182
random_seed_20260833,15a85193
random_seed_20260833,15a85240
random_seed_20260833,15a85245
random_seed_20260833,15a85246
random_seed_20260833,15a85258
random_seed_20260833,15a85259
random_seed_20260833,15n005300
random_seed_20260833,15n005552
random_seed_20260833,15n005607
random_seed_20260833,15n005650
random_seed_20260833,15n005788
random_seed_20260833,15n005900
random_seed_20260833,15n006107
random_seed_20260833,15n006125
random_seed_20260833,15n008500
random_seed_20260833,15n012212
random_seed_20260833,15n012301
random_seed_20260833,15n012482
random_seed_20260833,15n012642
random_seed_20260833,15n013123
random_seed_20260833,15n013472
random_seed_20260833,15n013551
random_seed_20260833,15n013955
random_seed_20260833,15n015791
random_seed_20260833,15n018530
random_seed_20260833,15n018579
random_seed_20260833,15n022152
random_seed_20260833,15n022172
random_seed_20260833,15n022479
random_seed_20260833,15n022530
random_seed_20260833,15n022790
random_seed_20260833,15n022987
random_seed_20260833,15n024760
random_seed_20260833,15n026021
random_seed_20260833,15n027181
random_seed_20260833,15n030427
random_seed_20260833,15n030452
random_seed_20260833,15n030953
random_seed_20260833,15n031211
random_seed_20260833,15n031235
random_seed_20260833,15n031240
random_seed_20260833,15n031888
random_seed_20260833,15n032227
random_seed_20260833,15n032574
random_seed_20260833,15n032653
random_seed_20260833,15n033777
random_seed_20260833,15n033851
random_seed_20260833,15n036746
random_seed_20260833,15n038419
random_seed_20260833,15n040125
random_seed_20260833,15n040183
random_seed_20260833,15n040211
random_seed_20260833,15n040293
random_seed_20260833,15n040602
random_seed_20260833,15n041009
random_seed_20260833,15n041132
random_seed_20260833,15n041228
random_seed_20260833,15n042798
random_seed_20260833,15n043147
random_seed_20260833,15n043357
random_seed_20260833,15n043686
random_seed_20260833,15n045196
random_seed_20260833,15n045218
random_seed_20260833,15n045328
random_seed_20260833,15n045707
random_seed_20260833,15n046450
random_seed_20260833,15n046475
random_seed_20260833,15n046508
random_seed_20260833,15n046825
random_seed_20260833,15n047893
random_seed_20260833,15n048057
random_seed_20260833,15n048979
random_seed_20260833,15n049295
random_seed_20260833,15n052191
random_seed_20260833,15n052211
random_seed_20260833,15n052312
random_seed_20260833,15n053717
random_seed_20260833,15n054047
random_seed_20260833,15n054115
random_seed_20260833,15n054809
random_seed_20260833,15n055065
random_seed_20260833,15n055109
random_seed_20260833,15n055158
random_seed_20260833,15n055347
random_seed_20260833,15n055395
random_seed_20260833,15n055412
random_seed_20260833,15n055602
random_seed_20260833,15n056215
random_seed_20260833,15n056608
random_seed_20260833,15n057093
random_seed_20260833,15n057679
random_seed_20260833,15n057733
random_seed_20260833,15n057962
random_seed_20260833,15n058010
random_seed_20260833,15n060856
random_seed_20260833,15n061299
random_seed_20260833,15n062629
random_seed_20260833,15n062696
random_seed_20260833,15n064289
random_seed_20260833,15n068007
random_seed_20260833,15n068021
random_seed_20260833,15n068024
random_seed_20260833,15n068293
random_seed_20260833,15n068323
random_seed_20260833,15n070370
random_seed_20260833,15n070531
random_seed_20260833,15n070662
random_seed_20260833,15n076811
random_seed_20260833,15n078503
random_seed_20260833,15n079290
random_seed_20260833,15n079291
random_seed_20260833,15n079322
random_seed_20260833,15n079817
random_seed_20260833,15n080794
random_seed_20260833,15n080988
random_seed_20260833,15n082717
random_seed_20260833,15n082934
random_seed_20260833,15n083035
random_seed_20260833,15n084090
random_seed_20260833,15n084272
random_seed_20260833,15n084300
random_seed_20260833,15n084461
random_seed_20260833,15n085691
random_seed_20260833,15n085695
random_seed_20260833,15n085999
random_seed_20260833,15n086486
random_seed_20260833,15n086622
random_seed_20260833,15n087652
random_seed_20260833,15n087971
random_seed_20260833,15n088458
random_seed_20260833,15n089064
random_seed_20260833,15n090366
random_seed_20260833,15n091714
random_seed_20260833,15n092547
random_seed_20260833,15n093546
random_seed_20260833,15n093574
random_seed_20260833,15n093740
random_seed_20260833,15n094073
random_seed_20260833,15n094893
random_seed_20260833,15n096183
random_seed_20260833,15n096254
random_seed_20260833,15n096700
random_seed_20260833,15n097029
random_seed_20260833,15n097264
random_seed_20260833,15n099463
random_seed_20260833,15n099548
random_seed_20260833,15n100130
random_seed_20260833,15n100287
random_seed_20260833,15n100681
random_seed_20260833,15n100702
random_seed_20260833,15n101016
random_seed_20260833,15n101733
random_seed_20260833,15n103051
random_seed_20260833,15n104914
random_seed_20260833,15n105794
random_seed_20260833,15n105916
random_seed_20260833,15n105942
random_seed_20260833,15n106007
random_seed_20260833,15n106833
random_seed_20260833,15n107018
random_seed_20260833,15n107177
random_seed_20260833,15n107223
random_seed_20260833,15n107682
random_seed_20260833,15n108154
random_seed_20260833,15n108315
random_seed_20260833,15n110206
random_seed_20260833,15n110281
random_seed_20260833,15n110459
random_seed_20260833,15n115283
random_seed_20260833,15n115456
random_seed_20260833,15n116367
random_seed_20260833,15n116901
random_seed_20260833,15n120002
random_seed_20260833,15n121436
random_seed_20260833,15n121457
random_seed_20260833,15n121538
random_seed_20260833,15n122242
random_seed_20260833,15n122445
random_seed_20260833,15n125077
random_seed_20260833,15n125942
random_seed_20260833,15n127273
random_seed_20260833,15n130688
random_seed_20260833,15n133019
random_seed_20260833,15n133040
random_seed_20260833,15n133220
random_seed_20260833,15n133336
random_seed_20260833,15n133702
random_seed_20260833,15n135861
random_seed_20260833,15n135916
random_seed_20260833,15n136334
random_seed_20260833,15n137353
random_seed_20260833,15n138128
random_seed_20260833,15n139176
random_seed_20260833,15n139999
random_seed_20260833,15n140176
random_seed_20260833,15n140192
random_seed_20260833,15n140472
random_seed_20260833,15n140484
random_seed_20260833,15n140504
random_seed_20260833,15n140512
random_seed_20260833,15n140525
random_seed_20260833,15n140535
random_seed_20260833,15n140618
random_seed_20260833,15n140634
random_seed_20260833,15n142168
random_seed_20260833,15n142188
random_seed_20260833,15n142411
random_seed_20260833,15n143607
random_seed_20260833,15n143746
random_seed_20260833,15n147304
random_seed_20260833,15n147459
random_seed_20260833,15n148018
random_seed_20260833,15n148630
random_seed_20260833,15n148674
random_seed_20260833,15n149210
random_seed_20260833,15n150441
random_seed_20260833,15n150829
random_seed_20260833,15n150908
random_seed_20260833,15n150981
random_seed_20260833,15n153400
random_seed_20260833,15n156260
random_seed_20260833,15n156377
random_seed_20260833,15n156616
random_seed_20260833,15n158421
random_seed_20260833,15n158502
random_seed_20260833,15n159643
random_seed_20260833,15n159724
random_seed_20260833,15n159744
random_seed_20260833,15n159774
random_seed_20260833,15n159815
random_seed_20260833,15n160316
random_seed_20260833,15n161008
random_seed_20260833,15n161040
random_seed_20260833,15n161055
random_seed_20260833,15n161192
random_seed_20260833,15n161526
random_seed_20260833,15n163189
random_seed_20260833,15n163276
random_seed_20260833,15n163295
random_seed_20260833,15n163303
random_seed_20260833,15n163311
random_seed_20260833,15n163322
random_seed_20260833,15n163697
random_seed_20260833,15n163708
random_seed_20260833,15n163769
random_seed_20260833,15n164605
random_seed_20260833,15n164606
random_seed_20260833,15n164614
random_seed_20260833,15n164615
random_seed_20260833,15n164617
random_seed_20260833,15n164618
random_seed_20260833,15n166674
random_seed_20260834,13a3092
random_seed_20260834,13a4878
random_seed_20260834,14n01955
random_seed_20260834,14n04819
random_seed_20260834,14n05024
random_seed_20260834,14n06022
random_seed_20260834,14n06023
random_seed_20260834,14n07507
random_seed_20260834,14n07560
random_seed_20260834,14n08362
random_seed_20260834,14n08510
random_seed_20260834,14n09219
random_seed_20260834,14n09274
random_seed_20260834,14n09525
random_seed_20260834,14n09742
random_seed_20260834,14n10320
random_seed_20260834,14n11322
random_seed_20260834,14n11799
random_seed_20260834,14n12201
random_seed_20260834,14n12557
random_seed_20260834,14n12701
random_seed_20260834,14n13191
random_seed_20260834,14n14620
random_seed_20260834,14n15856
random_seed_20260834,14n15939
random_seed_20260834,14n16364
random_seed_20260834,14n17435
random_seed_20260834,14n18079
random_seed_20260834,14n18080
random_seed_20260834,14n18217
random_seed_20260834,14n18339
random_seed_20260834,14n19749
random_seed_20260834,14n19763
random_seed_20260834,14n19768
random_seed_20260834,14n19772
random_seed_20260834,14n19894
random_seed_20260834,14n19947
random_seed_20260834,14n19984
random_seed_20260834,14n20188
random_seed_20260834,14n20375
random_seed_20260834,14n20382
random_seed_20260834,14n20459
random_seed_20260834,14n20467
random_seed_20260834,14n20475
random_seed_20260834,14n20483
random_seed_20260834,14n20502
random_seed_20260834,14n20614
random_seed_20260834,14n20624
random_seed_20260834,14n20639
random_seed_20260834,14n20645
random_seed_20260834,14n20656
random_seed_20260834,14n20679
random_seed_20260834,14n20750
random_seed_20260834,14n20757
random_seed_20260834,14n20761
random_seed_20260834,14n20789
random_seed_20260834,14n20975
random_seed_20260834,14n21085
random_seed_20260834,14n21324
random_seed_20260834,14n21717
random_seed_20260834,14n21881
random_seed_20260834,14n22068
random_seed_20260834,14n22108
random_seed_20260834,14n22361
random_seed_20260834,14n23835
random_seed_20260834,14n24120
random_seed_20260834,14n24551
random_seed_20260834,14n24763
random_seed_20260834,14n24778
random_seed_20260834,14n25086
random_seed_20260834,14n27179
random_seed_20260834,14n27214
random_seed_20260834,14n27435
random_seed_20260834,14n27436
random_seed_20260834,15a51218
random_seed_20260834,15a54584
random_seed_20260834,15a54664
random_seed_20260834,15a54670
random_seed_20260834,15a54813
random_seed_20260834,15a58615
random_seed_20260834,15a58637
random_seed_20260834,15a58650
random_seed_20260834,15a67050
random_seed_20260834,15a69409
random_seed_20260834,15a74186
random_seed_20260834,15a74300
random_seed_20260834,15a74865
random_seed_20260834,15a78720
random_seed_20260834,15a78793
random_seed_20260834,15a78843
random_seed_20260834,15a81420
random_seed_20260834,15a82172
random_seed_20260834,15a82178
random_seed_20260834,15a83944
random_seed_20260834,15a84245
random_seed_20260834,15a84772
random_seed_20260834,15a84787
random_seed_20260834,15a84789
random_seed_20260834,15a85074
random_seed_20260834,15a85170
random_seed_20260834,15a85181
random_seed_20260834,15a85182
random_seed_20260834,15a85193
random_seed_20260834,15a85240
random_seed_20260834,15a85245
random_seed_20260834,15a85246
random_seed_20260834,15a85258
random_seed_20260834,15a85259
random_seed_20260834,15n005552
random_seed_20260834,15n005650
random_seed_20260834,15n005788
random_seed_20260834,15n005900
random_seed_20260834,15n006050
random_seed_20260834,15n006107
random_seed_20260834,15n006125
random_seed_20260834,15n008500
random_seed_20260834,15n012212
random_seed_20260834,15n012301
random_seed_20260834,15n012482
random_seed_20260834,15n012642
random_seed_20260834,15n013123
random_seed_20260834,15n013472
random_seed_20260834,15n013551
random_seed_20260834,15n013955
random_seed_20260834,15n015791
random_seed_20260834,15n017769
random_seed_20260834,15n018530
random_seed_20260834,15n018579
random_seed_20260834,15n022152
random_seed_20260834,15n022172
random_seed_20260834,15n022479
random_seed_20260834,15n022530
random_seed_20260834,15n022790
random_seed_20260834,15n022987
random_seed_20260834,15n024760
random_seed_20260834,15n025153
random_seed_20260834,15n026021
random_seed_20260834,15n027181
random_seed_20260834,15n027211
random_seed_20260834,15n028035
random_seed_20260834,15n030427
random_seed_20260834,15n030452
random_seed_20260834,15n030953
random_seed_20260834,15n031211
random_seed_20260834,15n031235
random_seed_20260834,15n031240
random_seed_20260834,15n031888
random_seed_20260834,15n031932
random_seed_20260834,15n032158
random_seed_20260834,15n032227
random_seed_20260834,15n032574
random_seed_20260834,15n032653
random_seed_20260834,15n033777
random_seed_20260834,15n033851
random_seed_20260834,15n036746
random_seed_20260834,15n038323
random_seed_20260834,15n038419
random_seed_20260834,15n040125
random_seed_20260834,15n040183
random_seed_20260834,15n040211
random_seed_20260834,15n040293
random_seed_20260834,15n041009
random_seed_20260834,15n041132
random_seed_20260834,15n041228
random_seed_20260834,15n042798
random_seed_20260834,15n043127
random_seed_20260834,15n043147
random_seed_20260834,15n043357
random_seed_20260834,15n043686
random_seed_20260834,15n045111
random_seed_20260834,15n045196
random_seed_20260834,15n045218
random_seed_20260834,15n045328
random_seed_20260834,15n045465
random_seed_20260834,15n045707
random_seed_20260834,15n046450
random_seed_20260834,15n046470
random_seed_20260834,15n046475
random_seed_20260834,15n046508
random_seed_20260834,15n046825
random_seed_20260834,15n047893
random_seed_20260834,15n048057
random_seed_20260834,15n048979
random_seed_20260834,15n052191
random_seed_20260834,15n052211
random_seed_20260834,15n052312
random_seed_20260834,15n053717
random_seed_20260834,15n054047
random_seed_20260834,15n054115
random_seed_20260834,15n054809
random_seed_20260834,15n055065
random_seed_20260834,15n055108
random_seed_20260834,15n055109
random_seed_20260834,15n055347
random_seed_20260834,15n055377
random_seed_20260834,15n055395
random_seed_20260834,15n055412
random_seed_20260834,15n055602
random_seed_20260834,15n056215
random_seed_20260834,15n056608
random_seed_20260834,15n057093
random_seed_20260834,15n057679
random_seed_20260834,15n057733
random_seed_20260834,15n057962
random_seed_20260834,15n058010
random_seed_20260834,15n058489
random_seed_20260834,15n060856
random_seed_20260834,15n061299
random_seed_20260834,15n062629
random_seed_20260834,15n062696
random_seed_20260834,15n064289
random_seed_20260834,15n068007
random_seed_20260834,15n068021
random_seed_20260834,15n068024
random_seed_20260834,15n068293
random_seed_20260834,15n068323
random_seed_20260834,15n070370
random_seed_20260834,15n070531
random_seed_20260834,15n070662
random_seed_20260834,15n078503
random_seed_20260834,15n079290
random_seed_20260834,15n079291
random_seed_20260834,15n079322
random_seed_20260834,15n080794
random_seed_20260834,15n080988
random_seed_20260834,15n082717
random_seed_20260834,15n082934
random_seed_20260834,15n083035
random_seed_20260834,15n084090
random_seed_20260834,15n084272
random_seed_20260834,15n084300
random_seed_20260834,15n084461
random_seed_20260834,15n085691
random_seed_20260834,15n085695
random_seed_20260834,15n085988
random_seed_20260834,15n086486
random_seed_20260834,15n086622
random_seed_20260834,15n087652
random_seed_20260834,15n087971
random_seed_20260834,15n088458
random_seed_20260834,15n089064
random_seed_20260834,15n090366
random_seed_20260834,15n091714
random_seed_20260834,15n092547
random_seed_20260834,15n093546
random_seed_20260834,15n093574
random_seed_20260834,15n093740
random_seed_20260834,15n094073
random_seed_20260834,15n094893
random_seed_20260834,15n096183
random_seed_20260834,15n096254
random_seed_20260834,15n096700
random_seed_20260834,15n096709
random_seed_20260834,15n097029
random_seed_20260834,15n097264
random_seed_20260834,15n099463
random_seed_20260834,15n099548
random_seed_20260834,15n100130
random_seed_20260834,15n100287
random_seed_20260834,15n100681
random_seed_20260834,15n100702
random_seed_20260834,15n101016
random_seed_20260834,15n101733
random_seed_20260834,15n103051
random_seed_20260834,15n103623
random_seed_20260834,15n104914
random_seed_20260834,15n105794
random_seed_20260834,15n105942
random_seed_20260834,15n106007
random_seed_20260834,15n106833
random_seed_20260834,15n107018
random_seed_20260834,15n107177
random_seed_20260834,15n107223
random_seed_20260834,15n107682
random_seed_20260834,15n108154
random_seed_20260834,15n108315
random_seed_20260834,15n110206
random_seed_20260834,15n110281
random_seed_20260834,15n110459
random_seed_20260834,15n115283
random_seed_20260834,15n115456
random_seed_20260834,15n116367
random_seed_20260834,15n116901
random_seed_20260834,15n117860
random_seed_20260834,15n119483
random_seed_20260834,15n120002
random_seed_20260834,15n121436
random_seed_20260834,15n121457
random_seed_20260834,15n121538
random_seed_20260834,15n122242
random_seed_20260834,15n122445
random_seed_20260834,15n122907
random_seed_20260834,15n125077
random_seed_20260834,15n125942
random_seed_20260834,15n127273
random_seed_20260834,15n130688
random_seed_20260834,15n133019
random_seed_20260834,15n133040
random_seed_20260834,15n133220
random_seed_20260834,15n133702
random_seed_20260834,15n135861
random_seed_20260834,15n135916
random_seed_20260834,15n136334
random_seed_20260834,15n137353
random_seed_20260834,15n138128
random_seed_20260834,15n139176
random_seed_20260834,15n139999
random_seed_20260834,15n140176
random_seed_20260834,15n140192
random_seed_20260834,15n140472
random_seed_20260834,15n140484
random_seed_20260834,15n140504
random_seed_20260834,15n140512
random_seed_20260834,15n140525
random_seed_20260834,15n140602
random_seed_20260834,15n140618
random_seed_20260834,15n140634
random_seed_20260834,15n142168
random_seed_20260834,15n142188
random_seed_20260834,15n142411
random_seed_20260834,15n143607
random_seed_20260834,15n143746
random_seed_20260834,15n147304
random_seed_20260834,15n147459
random_seed_20260834,15n148018
random_seed_20260834,15n148630
random_seed_20260834,15n148674
random_seed_20260834,15n149210
random_seed_20260834,15n150441
random_seed_20260834,15n150829
random_seed_20260834,15n150908
random_seed_20260834,15n150981
random_seed_20260834,15n153400
random_seed_20260834,15n156260
random_seed_20260834,15n156377
random_seed_20260834,15n156616
random_seed_20260834,15n158421
random_seed_20260834,15n158502
random_seed_20260834,15n159643
random_seed_20260834,15n159724
random_seed_20260834,15n159744
random_seed_20260834,15n159774
random_seed_20260834,15n159815
random_seed_20260834,15n160316
random_seed_20260834,15n161008
random_seed_20260834,15n161040
random_seed_20260834,15n161055
random_seed_20260834,15n161192
random_seed_20260834,15n161526
random_seed_20260834,15n163189
random_seed_20260834,15n163276
random_seed_20260834,15n163295
random_seed_20260834,15n163303
random_seed_20260834,15n163311
random_seed_20260834,15n163322
random_seed_20260834,15n163697
random_seed_20260834,15n163708
random_seed_20260834,15n163769
random_seed_20260834,15n164605
random_seed_20260834,15n164606
random_seed_20260834,15n164614
random_seed_20260834,15n164615
random_seed_20260834,15n164618
random_seed_20260834,15n166674
