example_rank,knot_a,knot_b,same_HOMFLY_PT_exact,kh_diagonal_a,kh_diagonal_b,kh_diagonal_abs_difference,kh_support_a,kh_support_b,theta_percentile_a,theta_percentile_b,theta_percentile_abs_difference,four_view_aggregate_a,four_view_aggregate_b,four_view_aggregate_abs_difference,four_view_selected_a,four_view_selected_b,four_view_split_pair,pair_aggregate_a,pair_aggregate_b,pair_selected_a,pair_selected_b,alternating_a,alternating_b,crossing_a,crossing_b,Alexander_percentile_a,Alexander_percentile_b,Jones_percentile_a,Jones_percentile_b,HOMFLY_PT_percentile_a,HOMFLY_PT_percentile_b,Theta_percentile_a,Theta_percentile_b
1,13n0759,15n073293,True,2.0,3.0,1.0,22.0,28.0,0.9596573374481218,0.03525593274449292,0.9244014047036289,0.22647653506438226,0.22058103650101096,0.005895498563371293,False,False,False,0.22647653506438226,0.03525593274449292,False,False,0,0,13,15,0.22058103650101096,0.22058103650101096,0.45458124933489413,0.45458124933489413,0.22647653506438226,0.22647653506438226,0.9596573374481218,0.03525593274449292
2,13n2434,15n103950,True,2.0,3.0,1.0,22.0,26.0,0.1911993189315739,0.9636905395338938,0.7724912206023199,0.18255826327551347,0.18255826327551347,0.0,False,False,False,0.046142385867830156,0.046142385867830156,False,False,0,0,13,15,0.18255826327551347,0.18255826327551347,0.3670426731935724,0.3670426731935724,0.046142385867830156,0.046142385867830156,0.1911993189315739,0.9636905395338938
3,12n777,13n2288,True,2.0,3.0,1.0,20.0,24.0,0.9113334042779611,0.2492071937852506,0.6621262104927105,0.13783122273065873,0.13783122273065873,0.0,False,False,False,0.06350963073321272,0.06350963073321272,False,False,0,0,12,13,0.13783122273065873,0.13783122273065873,0.5298286687240609,0.5298286687240609,0.06350963073321272,0.06350963073321272,0.9113334042779611,0.2492071937852506
4,13n0712,15n058753,True,2.0,3.0,1.0,22.0,24.0,0.10380972650846014,0.7095775247419389,0.6057677982334788,0.16985208045120784,0.26566989464722784,0.09581781419602,False,False,False,0.10380972650846014,0.16985208045120784,False,False,0,0,13,15,0.26566989464722784,0.26566989464722784,0.553080770458657,0.553080770458657,0.16985208045120784,0.16985208045120784,0.10380972650846014,0.7095775247419389
5,15n101713,15n007850,True,2.0,3.0,1.0,24.0,26.0,0.014366287112908376,0.6020751303607534,0.5877088432478451,0.014568479301904863,0.2854847291688837,0.2709162498669788,False,False,False,0.014366287112908376,0.014568479301904863,False,False,0,0,15,15,0.2854847291688837,0.2854847291688837,0.6999361498350537,0.6999361498350537,0.014568479301904863,0.014568479301904863,0.014366287112908376,0.6020751303607534
6,14n18415,15n054287,True,2.0,3.0,1.0,24.0,27.0,0.08616579759497713,0.6376503139299776,0.5514845163350005,0.23537299138022774,0.46673406406299883,0.2313610726827711,False,False,False,0.08616579759497713,0.23537299138022774,False,False,0,0,14,15,0.5364690858784719,0.5364690858784719,0.46673406406299883,0.46673406406299883,0.23537299138022774,0.23537299138022774,0.08616579759497713,0.6376503139299776
7,12a0401,15n000211,True,2.0,3.0,1.0,24.0,25.0,0.15407044801532405,0.6699797807811003,0.5159093327657762,0.15407044801532405,0.36494625944450354,0.2108758114291795,False,False,False,0.15407044801532405,0.36494625944450354,False,False,1,0,12,15,0.6576247738639992,0.6576247738639992,0.1438118548472917,0.1438118548472917,0.36494625944450354,0.36494625944450354,0.15407044801532405,0.6699797807811003
8,14n14361,15n008597,True,2.0,3.0,1.0,21.0,31.0,0.20554432265616687,0.7128551665425136,0.5073108438863467,0.4122698733638395,0.46012557199106097,0.047855698627221444,False,False,False,0.20554432265616687,0.6495796530807705,False,False,0,0,14,15,0.4122698733638395,0.4122698733638395,0.46012557199106097,0.46012557199106097,0.6495796530807705,0.6495796530807705,0.20554432265616687,0.7128551665425136
9,15n159057,15n049833,True,2.0,3.0,1.0,24.0,30.0,0.28511226987336385,0.7643716079599873,0.4792593380866234,0.4014153453229754,0.5632861551559009,0.16187080983292546,False,False,False,0.28511226987336385,0.5632861551559009,False,False,0,0,15,15,0.6230711929339151,0.6230711929339151,0.4014153453229754,0.4014153453229754,0.5632861551559009,0.5632861551559009,0.28511226987336385,0.7643716079599873
10,15n103567,15n021419,True,2.0,3.0,1.0,24.0,25.0,0.0635841225923167,0.5365222943492604,0.47293817175694364,0.42200702351814406,0.4635096307332127,0.041502607215068654,False,False,False,0.0635841225923167,0.42200702351814406,False,False,0,0,15,15,0.5121102479514739,0.5121102479514739,0.4635096307332127,0.4635096307332127,0.42200702351814406,0.42200702351814406,0.0635841225923167,0.5365222943492604
11,15n063865,15n047685,True,2.0,3.0,1.0,20.0,29.0,0.2750771522826434,0.6871874002341173,0.4121102479514739,0.2750771522826434,0.5673619240183038,0.29228477173566036,False,False,False,0.03810790677875918,0.03810790677875918,False,False,0,0,15,15,0.7906565925295307,0.7906565925295307,0.5673619240183038,0.5673619240183038,0.03810790677875918,0.03810790677875918,0.2750771522826434,0.6871874002341173
12,15n061009,15n052310,True,2.0,3.0,1.0,20.0,27.0,0.5572523145684793,0.1992550814089603,0.35799723315951903,0.0930190486325423,0.0930190486325423,0.0,False,False,False,0.0407151218473981,0.0407151218473981,False,False,0,0,15,15,0.0930190486325423,0.0930190486325423,0.5020432052782803,0.5020432052782803,0.0407151218473981,0.0407151218473981,0.5572523145684793,0.1992550814089603
13,15n041820,15n093273,True,2.0,3.0,1.0,24.0,25.0,0.4083962966904331,0.0963498989039055,0.3120463977865276,0.4083962966904331,0.2102905182505055,0.1981057784399276,False,False,False,0.2102905182505055,0.0963498989039055,False,False,0,0,15,15,0.4401617537511972,0.4401617537511972,0.5612110247951474,0.5612110247951474,0.2102905182505055,0.2102905182505055,0.4083962966904331,0.0963498989039055
14,12a0009,15n002107,True,2.0,3.0,1.0,24.0,28.0,0.22552942428434608,0.5343088219644567,0.30877939768011065,0.22552942428434608,0.3375013302117697,0.11197190592742362,False,False,False,0.11513248909226349,0.11513248909226349,False,False,1,0,12,15,0.3375013302117697,0.3375013302117697,0.49282749813770355,0.49282749813770355,0.11513248909226349,0.11513248909226349,0.22552942428434608,0.5343088219644567
15,14n10842,15n155515,True,2.0,3.0,1.0,21.0,27.0,0.5343088219644567,0.8234010854528041,0.2890922634883474,0.5343088219644567,0.6642119825476216,0.12990316058316487,False,False,False,0.019080557624773863,0.019080557624773863,False,False,0,0,14,15,0.6642119825476216,0.6642119825476216,0.6862934979248696,0.6862934979248696,0.019080557624773863,0.019080557624773863,0.5343088219644567,0.8234010854528041
16,14n25738,14n11610,True,2.0,3.0,1.0,20.0,22.0,0.6108545280408642,0.35427264020432053,0.2565818878365436,0.3240821538788975,0.3240821538788975,0.0,False,False,False,0.29174204533361714,0.29174204533361714,False,False,0,0,14,14,0.3240821538788975,0.3240821538788975,0.5502500798127061,0.5502500798127061,0.29174204533361714,0.29174204533361714,0.6108545280408642,0.35427264020432053
17,14n06467,15n096227,True,2.0,3.0,1.0,22.0,24.0,0.7818133446844737,0.5387038416515909,0.2431095030328828,0.3661381291901671,0.3661381291901671,0.0,False,False,False,0.3661381291901671,0.3661381291901671,False,False,0,0,14,15,0.190571458976269,0.190571458976269,0.6654144939874428,0.6654144939874428,0.3661381291901671,0.3661381291901671,0.7818133446844737,0.5387038416515909
18,14n18759,15n105453,True,2.0,3.0,1.0,22.0,30.0,0.6757688624028946,0.9150260721506864,0.23925720974779185,0.11375971054591891,0.11375971054591891,0.0,False,False,False,0.11375971054591891,0.11375971054591891,False,False,0,0,14,15,0.015355964669575397,0.015355964669575397,0.6627008619772268,0.6627008619772268,0.11375971054591891,0.11375971054591891,0.6757688624028946,0.9150260721506864
19,15n108683,15n044444,True,2.0,3.0,1.0,20.0,29.0,0.218048313291476,0.4326700010641694,0.21462168777269341,0.21604767478982653,0.21604767478982653,0.0,False,False,False,0.03436203043524529,0.03436203043524529,False,False,0,0,15,15,0.21604767478982653,0.21604767478982653,0.6467170373523465,0.6467170373523465,0.03436203043524529,0.03436203043524529,0.218048313291476,0.4326700010641694
20,15n079821,15n014275,True,2.0,3.0,1.0,20.0,22.0,0.3270405448547409,0.5365222943492604,0.20948174949451948,0.15133553261679258,0.15133553261679258,0.0,False,False,False,0.002138980525699691,0.002138980525699691,False,False,0,0,15,15,0.15133553261679258,0.15133553261679258,0.42101734596147705,0.42101734596147705,0.002138980525699691,0.002138980525699691,0.3270405448547409,0.5365222943492604
21,14n18803,15n006671,True,2.0,3.0,1.0,22.0,29.0,0.585069703096733,0.37674789826540384,0.20832180483132917,0.5345003724592955,0.37674789826540384,0.15775247419389166,False,False,False,0.0029583909758433545,0.0029583909758433545,False,False,0,0,14,15,0.7212621049271044,0.7212621049271044,0.5345003724592955,0.5345003724592955,0.0029583909758433545,0.0029583909758433545,0.585069703096733,0.37674789826540384
22,09_36,13n1488,True,2.0,3.0,1.0,18.0,21.0,0.15407044801532405,0.3405767798233479,0.18650633180802384,0.15407044801532405,0.2318080238373949,0.07773757582207086,False,False,False,0.046142385867830156,0.046142385867830156,False,False,1,0,9,13,0.2318080238373949,0.2318080238373949,0.3764605725231457,0.3764605725231457,0.046142385867830156,0.046142385867830156,0.15407044801532405,0.3405767798233479
23,13n2661,15n013989,True,2.0,3.0,1.0,20.0,22.0,0.27608811322762583,0.0935617750345855,0.18252633819304032,0.34458869852080454,0.34458869852080454,0.0,False,False,False,0.27608811322762583,0.0935617750345855,False,False,0,0,13,15,0.34458869852080454,0.34458869852080454,0.6273065872086836,0.6273065872086836,0.6591039693519208,0.6591039693519208,0.27608811322762583,0.0935617750345855
24,15n071025,15n031634,True,2.0,3.0,1.0,24.0,26.0,0.23850164946259444,0.4196552091092902,0.18115355964669577,0.23850164946259444,0.4196552091092902,0.18115355964669577,False,False,False,0.016771309992550814,0.016771309992550814,False,False,0,0,15,15,0.42682771097158667,0.42682771097158667,0.5148770884324785,0.5148770884324785,0.016771309992550814,0.016771309992550814,0.23850164946259444,0.4196552091092902
25,13n0579,15n084429,True,2.0,3.0,1.0,18.0,25.0,0.6616686176439289,0.8383845908268597,0.17671597318293075,0.3947323613919336,0.3947323613919336,0.0,False,False,False,0.023273385122911567,0.023273385122911567,False,False,0,0,13,15,0.49725444290731086,0.49725444290731086,0.3947323613919336,0.3947323613919336,0.023273385122911567,0.023273385122911567,0.6616686176439289,0.8383845908268597
26,15n093251,15n018232,True,2.0,3.0,1.0,24.0,31.0,0.24204533361711184,0.4027774821751623,0.16073214855805046,0.26630839629669045,0.4027774821751623,0.13646908587847184,False,False,False,0.24204533361711184,0.26630839629669045,False,False,0,0,15,15,0.43063743748004685,0.43063743748004685,0.9048526125359158,0.9048526125359158,0.26630839629669045,0.26630839629669045,0.24204533361711184,0.4027774821751623
27,14n07727,15n072458,True,2.0,3.0,1.0,20.0,30.0,0.14109822283707565,0.2895924231137597,0.14849420027668406,0.26725550707672663,0.2895924231137597,0.022336916037033083,False,False,False,0.14109822283707565,0.26725550707672663,False,False,0,0,14,15,0.5858997552410343,0.5858997552410343,0.5662977546025327,0.5662977546025327,0.26725550707672663,0.26725550707672663,0.14109822283707565,0.2895924231137597
28,15n014992,15n001131,True,2.0,3.0,1.0,22.0,28.0,0.22003831009896777,0.36589337022453977,0.145855060125572,0.22003831009896777,0.29174204533361714,0.07170373523464937,False,False,False,0.22003831009896777,0.29174204533361714,False,False,0,0,15,15,0.08686814940938598,0.08686814940938598,0.7718207938703842,0.7718207938703842,0.29174204533361714,0.29174204533361714,0.22003831009896777,0.36589337022453977
29,15n081227,15n014278,True,2.0,3.0,1.0,20.0,27.0,0.6516441417473662,0.5065340002128339,0.14511014153453228,0.6269022028306906,0.5065340002128339,0.12036820261785675,False,False,False,0.021038629349792486,0.021038629349792486,False,False,0,0,15,15,0.6269022028306906,0.6269022028306906,0.8663190379908482,0.8663190379908482,0.021038629349792486,0.021038629349792486,0.6516441417473662,0.5065340002128339
30,15n113483,15n104840,True,2.0,3.0,1.0,22.0,28.0,0.5343088219644567,0.4062466744705757,0.128062147493881,0.2508672980738534,0.2508672980738534,0.0,False,False,False,0.2508672980738534,0.2508672980738534,False,False,0,0,15,15,0.22612535915717782,0.22612535915717782,0.9154730233053102,0.9154730233053102,0.2508672980738534,0.2508672980738534,0.5343088219644567,0.4062466744705757
31,15n063773,15n022041,True,2.0,3.0,1.0,20.0,22.0,0.3648079174204533,0.48306906459508353,0.11826114717463021,0.3279238054698308,0.3279238054698308,0.0,False,False,False,0.02991380227732255,0.02991380227732255,False,False,0,0,15,15,0.3279238054698308,0.3279238054698308,0.3947323613919336,0.3947323613919336,0.02991380227732255,0.02991380227732255,0.3648079174204533,0.48306906459508353
32,15n014158,15n129199,True,2.0,3.0,1.0,20.0,27.0,0.3974885601787805,0.5086623390443759,0.11117377886559537,0.3286687240608705,0.3286687240608705,0.0,False,False,False,0.14280089390230924,0.14280089390230924,False,False,0,0,15,15,0.3286687240608705,0.3286687240608705,0.3542087900393743,0.3542087900393743,0.14280089390230924,0.14280089390230924,0.3974885601787805,0.5086623390443759
33,07_5,13n3238,True,2.0,3.0,1.0,14.0,22.0,0.5343088219644567,0.6448440991805896,0.11053527721613288,0.26148770884324785,0.26148770884324785,0.0,False,False,False,0.06808555922102799,0.06808555922102799,False,False,1,0,7,13,0.4332872193253166,0.4332872193253166,0.26148770884324785,0.26148770884324785,0.06808555922102799,0.06808555922102799,0.5343088219644567,0.6448440991805896
34,14n21264,15n104297,True,2.0,3.0,1.0,20.0,23.0,0.5629349792486964,0.4616792593380866,0.10125571991060978,0.48115355964669576,0.4616792593380866,0.019474300308609138,False,False,False,0.48115355964669576,0.4616792593380866,False,False,0,0,14,15,0.3345642226242418,0.3345642226242418,0.8380972650846015,0.8380972650846015,0.48115355964669576,0.48115355964669576,0.5629349792486964,0.4616792593380866
35,14n21564,15n067422,True,2.0,3.0,1.0,24.0,30.0,0.3494093859742471,0.2525912525274024,0.0968181334468447,0.2601787804618495,0.2525912525274024,0.007587527934447114,False,False,False,0.009949984037458764,0.009949984037458764,False,False,0,0,14,15,0.2601787804618495,0.2601787804618495,0.9385974247100138,0.9385974247100138,0.009949984037458764,0.009949984037458764,0.3494093859742471,0.2525912525274024
36,12n825,13n2557,True,2.0,3.0,1.0,20.0,22.0,0.20777907842928595,0.29167819516867083,0.08389911673938488,0.20777907842928595,0.29167819516867083,0.08389911673938488,False,False,False,0.1446631903799085,0.1446631903799085,False,False,0,0,12,13,0.32046397786527614,0.32046397786527614,0.6042141108864532,0.6042141108864532,0.1446631903799085,0.1446631903799085,0.20777907842928595,0.29167819516867083
37,13n2124,14n18414,True,2.0,3.0,1.0,20.0,23.0,0.42959455145259123,0.36768117484303503,0.0619133766095562,0.21228051505799722,0.21228051505799722,0.0,False,False,False,0.03328721932531659,0.03328721932531659,False,False,0,0,13,14,0.21228051505799722,0.21228051505799722,0.7266148770884325,0.7266148770884325,0.03328721932531659,0.03328721932531659,0.42959455145259123,0.36768117484303503
38,15n157466,15n066010,True,2.0,3.0,1.0,24.0,30.0,0.9320634244971799,0.8771629243375545,0.05490050015962544,0.4915185697563052,0.4915185697563052,0.0,False,False,False,0.6004043843779929,0.6004043843779929,False,False,0,0,15,15,0.1762477386399915,0.1762477386399915,0.4915185697563052,0.4915185697563052,0.6004043843779929,0.6004043843779929,0.9320634244971799,0.8771629243375545
39,15n056629,15n088084,True,2.0,3.0,1.0,22.0,30.0,0.029200808768755988,0.08144088538895392,0.05224007662019793,0.03488347344897308,0.07803554325848674,0.043152069809513666,False,False,False,0.029200808768755988,0.07803554325848674,False,False,0,0,15,15,0.03488347344897308,0.03488347344897308,0.6735021815473023,0.6735021815473023,0.07803554325848674,0.07803554325848674,0.029200808768755988,0.08144088538895392
40,13n0649,15n095708,True,2.0,3.0,1.0,20.0,22.0,0.19541342981802703,0.24204533361711184,0.0466319037990848,0.19541342981802703,0.24204533361711184,0.0466319037990848,False,False,False,0.19541342981802703,0.24204533361711184,False,False,0,0,13,15,0.1688517612003831,0.1688517612003831,0.3660636373310631,0.3660636373310631,0.4530275619878685,0.4530275619878685,0.19541342981802703,0.24204533361711184
41,14n12866,15n005762,True,2.0,3.0,1.0,24.0,26.0,0.08616579759497713,0.04122592316696818,0.044939874428008945,0.13440459721187614,0.13440459721187614,0.0,False,False,False,0.08616579759497713,0.04122592316696818,False,False,0,0,14,15,0.5746621262104927,0.5746621262104927,0.4537831222730659,0.4537831222730659,0.13440459721187614,0.13440459721187614,0.08616579759497713,0.04122592316696818
42,15n064120,15n076038,True,2.0,3.0,1.0,24.0,27.0,0.24623816111524954,0.2895924231137597,0.04335426199851017,0.07248057890816217,0.07248057890816217,0.0,False,False,False,0.07248057890816217,0.07248057890816217,False,False,0,0,15,15,0.04733425561349367,0.04733425561349367,0.9782483771416409,0.9782483771416409,0.07248057890816217,0.07248057890816217,0.24623816111524954,0.2895924231137597
43,13n3184,14n11896,True,2.0,3.0,1.0,22.0,25.0,0.3792593380866234,0.3383420240502288,0.04091731403639459,0.22790252208151537,0.22790252208151537,0.0,False,False,False,0.22790252208151537,0.22790252208151537,False,False,0,0,13,14,0.08014259870171331,0.08014259870171331,0.6800148983718208,0.6800148983718208,0.22790252208151537,0.22790252208151537,0.3792593380866234,0.3383420240502288
44,14n16199,15n104989,True,2.0,3.0,1.0,22.0,26.0,0.079163562839204,0.11487708843247844,0.03571352559327444,0.079163562839204,0.11487708843247844,0.03571352559327444,False,False,False,0.01262104927104395,0.01262104927104395,False,False,0,0,14,15,0.12380546983079706,0.12380546983079706,0.3838565499627541,0.3838565499627541,0.01262104927104395,0.01262104927104395,0.079163562839204,0.11487708843247844
45,15n085940,15n115775,True,2.0,3.0,1.0,22.0,26.0,0.5145152708311164,0.4807811003511759,0.033734170479940484,0.25631584548260083,0.25631584548260083,0.0,False,False,False,0.25631584548260083,0.25631584548260083,False,False,0,0,15,15,0.1857188464403533,0.1857188464403533,0.7705863573480898,0.7705863573480898,0.25631584548260083,0.25631584548260083,0.5145152708311164,0.4807811003511759
46,15n093781,15n088840,True,2.0,3.0,1.0,24.0,28.0,0.8746408428221772,0.9069383845908269,0.03229754176864963,0.2528147281047143,0.2528147281047143,0.0,False,False,False,0.12765776311588806,0.12765776311588806,False,False,0,0,15,15,0.2813025433649037,0.2813025433649037,0.2528147281047143,0.2528147281047143,0.12765776311588806,0.12765776311588806,0.8746408428221772,0.9069383845908269
47,15n033048,15n104424,True,2.0,3.0,1.0,24.0,28.0,0.4439182717888688,0.4718420772586996,0.02792380546983081,0.4439182717888688,0.4718420772586996,0.02792380546983081,False,False,False,0.2818346280727892,0.2818346280727892,False,False,0,0,15,15,0.644865382568905,0.644865382568905,0.52560391614345,0.52560391614345,0.2818346280727892,0.2818346280727892,0.4439182717888688,0.4718420772586996
48,14n07963,15n060883,True,2.0,3.0,1.0,21.0,27.0,0.13270192614664256,0.16041289773331915,0.027710971586676597,0.3420879003937427,0.3420879003937427,0.0,False,False,False,0.13270192614664256,0.16041289773331915,False,False,0,0,14,15,0.601723954453549,0.601723954453549,0.6826966052995637,0.6826966052995637,0.3420879003937427,0.3420879003937427,0.13270192614664256,0.16041289773331915
49,15n059044,15n057705,True,2.0,3.0,1.0,20.0,28.0,0.6662019793551134,0.6430350111737788,0.02316696818133457,0.622634883473449,0.622634883473449,0.0,False,False,False,0.1742151750558689,0.1742151750558689,False,False,0,0,15,15,0.622634883473449,0.622634883473449,0.9000212833883154,0.9000212833883154,0.1742151750558689,0.1742151750558689,0.6662019793551134,0.6430350111737788
50,14n15507,14n15911,True,2.0,3.0,1.0,20.0,23.0,0.6127274662126211,0.6321485580504417,0.019421091837820592,0.07566244546131744,0.07566244546131744,0.0,False,False,False,0.03436203043524529,0.03436203043524529,False,False,0,0,14,14,0.07566244546131744,0.07566244546131744,0.8663190379908482,0.8663190379908482,0.03436203043524529,0.03436203043524529,0.6127274662126211,0.6321485580504417
51,15n103472,15n091292,True,2.0,3.0,1.0,24.0,27.0,0.13670320314994147,0.15407044801532405,0.017367244865382575,0.29799936149835055,0.29799936149835055,0.0,False,False,False,0.13670320314994147,0.15407044801532405,False,False,0,0,15,15,0.46726614877088435,0.46726614877088435,0.29799936149835055,0.29799936149835055,0.8119080557624774,0.8119080557624774,0.13670320314994147,0.15407044801532405
52,15n033082,15n067853,True,2.0,3.0,1.0,24.0,25.0,0.22552942428434608,0.23850164946259444,0.012972225178248364,0.24793019048632542,0.24793019048632542,0.0,False,False,False,0.22552942428434608,0.23850164946259444,False,False,0,0,15,15,0.24793019048632542,0.24793019048632542,0.9252633819304034,0.9252633819304034,0.5403107374694052,0.5403107374694052,0.22552942428434608,0.23850164946259444
53,12a0845,15n014048,True,2.0,3.0,1.0,24.0,25.0,0.6471959135894434,0.6343088219644567,0.01288709162498669,0.3254549324252421,0.3254549324252421,0.0,False,False,False,0.3254549324252421,0.3254549324252421,False,False,1,0,12,15,0.12774289666914973,0.12774289666914973,0.800404384377993,0.800404384377993,0.3254549324252421,0.3254549324252421,0.6471959135894434,0.6343088219644567
54,14n18135,15n116229,True,2.0,3.0,1.0,24.0,25.0,0.16041289773331915,0.14764286474406726,0.01277003298925189,0.41348302649781843,0.41348302649781843,0.0,False,False,False,0.16041289773331915,0.14764286474406726,False,False,0,0,14,15,0.6750984356709588,0.6750984356709588,0.41348302649781843,0.41348302649781843,0.514749388102586,0.514749388102586,0.16041289773331915,0.14764286474406726
55,15n059204,15n013163,True,2.0,3.0,1.0,20.0,21.0,0.9089390230924763,0.9193998084495052,0.010460785357028879,0.5438757050122379,0.5438757050122379,0.0,False,False,False,0.23153133978929447,0.23153133978929447,False,False,0,0,15,15,0.5438757050122379,0.5438757050122379,0.575971054591891,0.575971054591891,0.23153133978929447,0.23153133978929447,0.9089390230924763,0.9193998084495052
56,15n113756,15n016152,True,2.0,3.0,1.0,20.0,25.0,0.8354261998510163,0.8453229754176865,0.009896775566670235,0.18310098967755667,0.18310098967755667,0.0,False,False,False,0.5586250931148239,0.5586250931148239,False,False,0,0,15,15,0.18310098967755667,0.18310098967755667,0.07392784931361072,0.07392784931361072,0.5586250931148239,0.5586250931148239,0.8354261998510163,0.8453229754176865
57,14n10533,13n0780,True,2.0,3.0,1.0,20.0,23.0,0.5145152708311164,0.5054804724912206,0.009034798339895733,0.2790145791209961,0.2790145791209961,0.0,False,False,False,0.18049377460891775,0.18049377460891775,False,False,0,0,14,13,0.2790145791209961,0.2790145791209961,0.8815047355539002,0.8815047355539002,0.18049377460891775,0.18049377460891775,0.5145152708311164,0.5054804724912206
58,15n148934,15n104421,True,2.0,3.0,1.0,24.0,27.0,0.9474725976375439,0.9384590826859636,0.009013514951580315,0.35132489092263486,0.35132489092263486,0.0,False,False,False,0.05709268915611365,0.05709268915611365,False,False,0,0,15,15,0.5664254549324252,0.5664254549324252,0.35132489092263486,0.35132489092263486,0.05709268915611365,0.05709268915611365,0.9474725976375439,0.9384590826859636
59,15n071543,15n009132,True,2.0,3.0,1.0,24.0,25.0,0.3089815898691072,0.31743109503032885,0.008449505161221671,0.4171969777588592,0.4171969777588592,0.0,False,False,False,0.3089815898691072,0.31743109503032885,False,False,0,0,15,15,0.5376715973182931,0.5376715973182931,0.9558476109396616,0.9558476109396616,0.4171969777588592,0.4171969777588592,0.3089815898691072,0.31743109503032885
60,15n132146,15n128926,True,2.0,3.0,1.0,18.0,25.0,0.7775566670213898,0.7692455038842184,0.008311163137171396,0.27848249441311057,0.27848249441311057,0.0,False,False,False,0.27848249441311057,0.27848249441311057,False,False,0,0,15,15,0.2267532191124827,0.2267532191124827,0.6975949771203576,0.6975949771203576,0.27848249441311057,0.27848249441311057,0.7775566670213898,0.7692455038842184
61,15n151004,15n068303,True,2.0,3.0,1.0,24.0,26.0,0.8153878897520486,0.8085027136320102,0.006885176120038361,0.6292965840161754,0.6292965840161754,0.0,False,False,False,0.6292965840161754,0.6292965840161754,False,False,0,0,15,15,0.40146855379376395,0.40146855379376395,0.7454932425242099,0.7454932425242099,0.6292965840161754,0.6292965840161754,0.8153878897520486,0.8085027136320102
62,14n02643,15n040309,True,2.0,3.0,1.0,24.0,28.0,0.005693306374374801,0.009960625731616473,0.004267319357241672,0.08686814940938598,0.08686814940938598,0.0,False,False,False,0.005693306374374801,0.009960625731616473,False,False,0,0,14,15,0.08686814940938598,0.08686814940938598,0.274576992657231,0.274576992657231,0.19877620517186337,0.19877620517186337,0.005693306374374801,0.009960625731616473
63,15n042773,15n049941,True,2.0,3.0,1.0,24.0,25.0,0.43860806640417155,0.43442588060019155,0.004182185803979999,0.3279238054698308,0.3279238054698308,0.0,False,False,False,0.29174204533361714,0.29174204533361714,False,False,0,0,15,15,0.3279238054698308,0.3279238054698308,0.9365329360434181,0.9365329360434181,0.29174204533361714,0.29174204533361714,0.43860806640417155,0.43442588060019155
64,15n110319,15n096320,True,2.0,3.0,1.0,20.0,22.0,0.3698520804512078,0.36589337022453977,0.00395871022666805,0.3698520804512078,0.36589337022453977,0.00395871022666805,False,False,False,0.2482281579227413,0.2482281579227413,False,False,0,0,15,15,0.861445142066617,0.861445142066617,0.5908481430243695,0.5908481430243695,0.2482281579227413,0.2482281579227413,0.3698520804512078,0.36589337022453977
65,15n166481,15n077936,True,2.0,3.0,1.0,24.0,27.0,0.9360753431946366,0.9360753431946366,0.0,0.30733212727466214,0.30733212727466214,0.0,False,False,False,0.6025007981270618,0.6025007981270618,False,False,0,0,15,15,0.30733212727466214,0.30733212727466214,0.13388315419814834,0.13388315419814834,0.6025007981270618,0.6025007981270618,0.9360753431946366,0.9360753431946366
66,15n086472,15n120357,True,2.0,3.0,1.0,22.0,24.0,0.814196020006385,0.814196020006385,0.0,0.5763541555815686,0.5763541555815686,0.0,False,False,False,0.8014472704054485,0.8014472704054485,False,False,0,0,15,15,0.5763541555815686,0.5763541555815686,0.157262956262637,0.157262956262637,0.8014472704054485,0.8014472704054485,0.814196020006385,0.814196020006385
67,15n018479,15n040746,True,2.0,3.0,1.0,22.0,24.0,0.8020964137490688,0.8020964137490688,0.0,0.01593061615409173,0.01593061615409173,0.0,False,False,False,0.004171544109822283,0.004171544109822283,False,False,0,0,15,15,0.01593061615409173,0.01593061615409173,0.6685750771522826,0.6685750771522826,0.004171544109822283,0.004171544109822283,0.8020964137490688,0.8020964137490688
68,13n4637,15n124994,True,2.0,3.0,1.0,20.0,22.0,0.9474725976375439,0.9474725976375439,0.0,0.14856869213578802,0.14856869213578802,0.0,False,False,False,0.07457699265723103,0.07457699265723103,False,False,0,0,13,15,0.14856869213578802,0.14856869213578802,0.5965627327870597,0.5965627327870597,0.07457699265723103,0.07457699265723103,0.9474725976375439,0.9474725976375439
