family,method,knot_id_base
All 5 C3,raw_sse,14a00599
All 5 C3,raw_sse,15a53675
All 5 C3,raw_sse,15a84319
All 5 C3,raw_sse,15n164604
All 5 C3,raw_sse,15n122316
All 5 C3,raw_sse,15n028185
All 5 C3,raw_sse,15a78797
All 5 C3,raw_sse,15a68100
All 5 C3,raw_sse,15a67989
All 5 C3,raw_sse,15n033596
All 5 C3,raw_sse,15n164613
All 5 C3,raw_sse,15a28356
All 5 C3,raw_sse,15a85174
All 5 C3,raw_sse,15a83101
All 5 C3,raw_sse,15a79486
All 5 C3,raw_sse,15n140504
All 5 C3,raw_sse,15n068007
All 5 C3,raw_sse,15n062615
All 5 C3,raw_sse,15a58638
All 5 C3,raw_sse,15n121327
All 5 C3,raw_sse,15n023542
All 5 C3,raw_sse,15n005291
All 5 C3,raw_sse,15a84781
All 5 C3,raw_sse,15a78827
All 5 C3,raw_sse,15a78853
All 5 C3,raw_sse,15a76600
All 5 C3,raw_sse,14n06022
All 5 C3,raw_sse,15a85260
All 5 C3,raw_sse,14a03465
All 5 C3,raw_sse,15a53143
All 5 C3,raw_sse,15a85204
All 5 C3,raw_sse,15n033377
All 5 C3,raw_sse,15n023225
All 5 C3,raw_sse,14n21324
All 5 C3,raw_sse,15a85243
All 5 C3,raw_sse,15n007953
All 5 C3,raw_sse,15n060810
All 5 C3,raw_sse,15a83824
All 5 C3,raw_sse,15n022078
All 5 C3,raw_sse,15a84776
All 5 C3,raw_sse,15a27102
All 5 C3,raw_sse,15n135860
All 5 C3,raw_sse,15a58615
All 5 C3,raw_sse,15n054096
All 5 C3,raw_sse,15n106950
All 5 C3,raw_sse,15a81590
All 5 C3,raw_sse,14a01685
All 5 C3,raw_sse,15a73064
All 5 C3,raw_sse,15a58616
All 5 C3,raw_sse,15n163311
All 5 C3,raw_sse,15a85185
All 5 C3,raw_sse,15n143746
All 5 C3,raw_sse,15a18097
All 5 C3,raw_sse,15a46121
All 5 C3,raw_sse,15a53139
All 5 C3,raw_sse,15a81987
All 5 C3,raw_sse,15n119483
All 5 C3,raw_sse,15a54872
All 5 C3,raw_sse,15n011787
All 5 C3,raw_sse,15a32461
All 5 C3,relative_nre,15n164339
All 5 C3,relative_nre,14n07560
All 5 C3,relative_nre,14n11799
All 5 C3,relative_nre,14n27326
All 5 C3,relative_nre,15n156616
All 5 C3,relative_nre,15n135142
All 5 C3,relative_nre,15n018530
All 5 C3,relative_nre,12n096
All 5 C3,relative_nre,14n18082
All 5 C3,relative_nre,15n164172
All 5 C3,relative_nre,13n2016
All 5 C3,relative_nre,15n071882
All 5 C3,relative_nre,14n25086
All 5 C3,relative_nre,14n15129
All 5 C3,relative_nre,15n083527
All 5 C3,relative_nre,15n128767
All 5 C3,relative_nre,15n089064
All 5 C3,relative_nre,14n15859
All 5 C3,relative_nre,12n475
All 5 C3,relative_nre,15n144652
All 5 C3,relative_nre,14n12222
All 5 C3,relative_nre,15n155633
All 5 C3,relative_nre,15n143526
All 5 C3,relative_nre,15n093576
All 5 C3,relative_nre,14n08510
All 5 C3,relative_nre,14n19177
All 5 C3,relative_nre,15n120967
All 5 C3,relative_nre,15n012332
All 5 C3,relative_nre,15n101256
All 5 C3,relative_nre,13n1176
All 5 C3,relative_nre,14n26229
All 5 C3,relative_nre,15n159724
All 5 C3,relative_nre,15n022790
All 5 C3,relative_nre,15n100287
All 5 C3,relative_nre,14n07740
All 5 C3,relative_nre,14n22073
All 5 C3,relative_nre,12n574
All 5 C3,relative_nre,15n099465
All 5 C3,relative_nre,14n13885
All 5 C3,relative_nre,15n012301
All 5 C3,relative_nre,15n040293
All 5 C3,relative_nre,14n08669
All 5 C3,relative_nre,15n133436
All 5 C3,relative_nre,14n24757
All 5 C3,relative_nre,15n127574
All 5 C3,relative_nre,15n127728
All 5 C3,relative_nre,15n078503
All 5 C3,relative_nre,15n133567
All 5 C3,relative_nre,15n163364
All 5 C3,relative_nre,15n066048
All 5 C3,relative_nre,15n158502
All 5 C3,relative_nre,15n055602
All 5 C3,relative_nre,15n089626
All 5 C3,relative_nre,15n136292
All 5 C3,relative_nre,14n18509
All 5 C3,relative_nre,15n133336
All 5 C3,relative_nre,15n045134
All 5 C3,relative_nre,15n137778
All 5 C3,relative_nre,14n22757
All 5 C3,relative_nre,15n052191
All 5 C3,residual_mahalanobis,14a00599
All 5 C3,residual_mahalanobis,15n051729
All 5 C3,residual_mahalanobis,15a53675
All 5 C3,residual_mahalanobis,15a84319
All 5 C3,residual_mahalanobis,15n164604
All 5 C3,residual_mahalanobis,15a85138
All 5 C3,residual_mahalanobis,15n028185
All 5 C3,residual_mahalanobis,15a85244
All 5 C3,residual_mahalanobis,15n166673
All 5 C3,residual_mahalanobis,15a85249
All 5 C3,residual_mahalanobis,15a67989
All 5 C3,residual_mahalanobis,15n033596
All 5 C3,residual_mahalanobis,15a85000
All 5 C3,residual_mahalanobis,15a85174
All 5 C3,residual_mahalanobis,15a83101
All 5 C3,residual_mahalanobis,15n118265
All 5 C3,residual_mahalanobis,15a79486
All 5 C3,residual_mahalanobis,15n140504
All 5 C3,residual_mahalanobis,15n068007
All 5 C3,residual_mahalanobis,15n062615
All 5 C3,residual_mahalanobis,15a58638
All 5 C3,residual_mahalanobis,15n005291
All 5 C3,residual_mahalanobis,15a84781
All 5 C3,residual_mahalanobis,15a78827
All 5 C3,residual_mahalanobis,15a76600
All 5 C3,residual_mahalanobis,14n06022
All 5 C3,residual_mahalanobis,15n069290
All 5 C3,residual_mahalanobis,15a85260
All 5 C3,residual_mahalanobis,14a03465
All 5 C3,residual_mahalanobis,15a43114
All 5 C3,residual_mahalanobis,15a53143
All 5 C3,residual_mahalanobis,15a85204
All 5 C3,residual_mahalanobis,15n033377
All 5 C3,residual_mahalanobis,15a85199
All 5 C3,residual_mahalanobis,15n023225
All 5 C3,residual_mahalanobis,14n21324
All 5 C3,residual_mahalanobis,15a85243
All 5 C3,residual_mahalanobis,15n007953
All 5 C3,residual_mahalanobis,15n060810
All 5 C3,residual_mahalanobis,15a83824
All 5 C3,residual_mahalanobis,15a84776
All 5 C3,residual_mahalanobis,15n135860
All 5 C3,residual_mahalanobis,15a58615
All 5 C3,residual_mahalanobis,15n054096
All 5 C3,residual_mahalanobis,15a73064
All 5 C3,residual_mahalanobis,15a58616
All 5 C3,residual_mahalanobis,15n163311
All 5 C3,residual_mahalanobis,15a85185
All 5 C3,residual_mahalanobis,15n143746
All 5 C3,residual_mahalanobis,15a18097
All 5 C3,residual_mahalanobis,15a74186
All 5 C3,residual_mahalanobis,15a53526
All 5 C3,residual_mahalanobis,15n135916
All 5 C3,residual_mahalanobis,15a46121
All 5 C3,residual_mahalanobis,15a53139
All 5 C3,residual_mahalanobis,15a81987
All 5 C3,residual_mahalanobis,15n119483
All 5 C3,residual_mahalanobis,15a54872
All 5 C3,residual_mahalanobis,15a32461
All 5 C3,residual_mahalanobis,15a71392
All 5 C3,residual_isolation_forest,14a00599
All 5 C3,residual_isolation_forest,15a53972
All 5 C3,residual_isolation_forest,15a84319
All 5 C3,residual_isolation_forest,15a85138
All 5 C3,residual_isolation_forest,15n028185
All 5 C3,residual_isolation_forest,15a81953
All 5 C3,residual_isolation_forest,15a68100
All 5 C3,residual_isolation_forest,15a67989
All 5 C3,residual_isolation_forest,15a28356
All 5 C3,residual_isolation_forest,15a85174
All 5 C3,residual_isolation_forest,15n118265
All 5 C3,residual_isolation_forest,15a79486
All 5 C3,residual_isolation_forest,15a53625
All 5 C3,residual_isolation_forest,15n140504
All 5 C3,residual_isolation_forest,15n120005
All 5 C3,residual_isolation_forest,15n062615
All 5 C3,residual_isolation_forest,15a58638
All 5 C3,residual_isolation_forest,15a78243
All 5 C3,residual_isolation_forest,15n005291
All 5 C3,residual_isolation_forest,15a84781
All 5 C3,residual_isolation_forest,15a84579
All 5 C3,residual_isolation_forest,15a78827
All 5 C3,residual_isolation_forest,15a76600
All 5 C3,residual_isolation_forest,14n06022
All 5 C3,residual_isolation_forest,15a85260
All 5 C3,residual_isolation_forest,14a03465
All 5 C3,residual_isolation_forest,15a53143
All 5 C3,residual_isolation_forest,15a43227
All 5 C3,residual_isolation_forest,15n062622
All 5 C3,residual_isolation_forest,15n023225
All 5 C3,residual_isolation_forest,15a81256
All 5 C3,residual_isolation_forest,15a85243
All 5 C3,residual_isolation_forest,15n007953
All 5 C3,residual_isolation_forest,15n060810
All 5 C3,residual_isolation_forest,15a83824
All 5 C3,residual_isolation_forest,15a84776
All 5 C3,residual_isolation_forest,15n135860
All 5 C3,residual_isolation_forest,15a58615
All 5 C3,residual_isolation_forest,15n054096
All 5 C3,residual_isolation_forest,15n017130
All 5 C3,residual_isolation_forest,15a81590
All 5 C3,residual_isolation_forest,15a73064
All 5 C3,residual_isolation_forest,15a53785
All 5 C3,residual_isolation_forest,15n005751
All 5 C3,residual_isolation_forest,15n163311
All 5 C3,residual_isolation_forest,15a84320
All 5 C3,residual_isolation_forest,15a85185
All 5 C3,residual_isolation_forest,15a18097
All 5 C3,residual_isolation_forest,15a51218
All 5 C3,residual_isolation_forest,15a46121
All 5 C3,residual_isolation_forest,15a53139
All 5 C3,residual_isolation_forest,15n037436
All 5 C3,residual_isolation_forest,15a81987
All 5 C3,residual_isolation_forest,15a78860
All 5 C3,residual_isolation_forest,15n119483
All 5 C3,residual_isolation_forest,15a54872
All 5 C3,residual_isolation_forest,15a29541
All 5 C3,residual_isolation_forest,15n117857
All 5 C3,residual_isolation_forest,15a32461
All 5 C3,residual_isolation_forest,15a71392
All 5 C3,conditional_percentile_100,14n07560
All 5 C3,conditional_percentile_100,14n11799
All 5 C3,conditional_percentile_100,15n133702
All 5 C3,conditional_percentile_100,15n156616
All 5 C3,conditional_percentile_100,14n12864
All 5 C3,conditional_percentile_100,15n079830
All 5 C3,conditional_percentile_100,14n22626
All 5 C3,conditional_percentile_100,14n14831
All 5 C3,conditional_percentile_100,15a78797
All 5 C3,conditional_percentile_100,15n018530
All 5 C3,conditional_percentile_100,14n18082
All 5 C3,conditional_percentile_100,15n164613
All 5 C3,conditional_percentile_100,15a83101
All 5 C3,conditional_percentile_100,15n140504
All 5 C3,conditional_percentile_100,15n086372
All 5 C3,conditional_percentile_100,15n068007
All 5 C3,conditional_percentile_100,15n089064
All 5 C3,conditional_percentile_100,15a84781
All 5 C3,conditional_percentile_100,15n033851
All 5 C3,conditional_percentile_100,14n07850
All 5 C3,conditional_percentile_100,15a78853
All 5 C3,conditional_percentile_100,15n050268
All 5 C3,conditional_percentile_100,15n093576
All 5 C3,conditional_percentile_100,14n08510
All 5 C3,conditional_percentile_100,15n163303
All 5 C3,conditional_percentile_100,15n159774
All 5 C3,conditional_percentile_100,15a85260
All 5 C3,conditional_percentile_100,15n084520
All 5 C3,conditional_percentile_100,15n012482
All 5 C3,conditional_percentile_100,15a85204
All 5 C3,conditional_percentile_100,15n012332
All 5 C3,conditional_percentile_100,15n159724
All 5 C3,conditional_percentile_100,15n022790
All 5 C3,conditional_percentile_100,15n062696
All 5 C3,conditional_percentile_100,15n140634
All 5 C3,conditional_percentile_100,15a85243
All 5 C3,conditional_percentile_100,14n26230
All 5 C3,conditional_percentile_100,15n143605
All 5 C3,conditional_percentile_100,15a58615
All 5 C3,conditional_percentile_100,14n20123
All 5 C3,conditional_percentile_100,15n031888
All 5 C3,conditional_percentile_100,15n160317
All 5 C3,conditional_percentile_100,15n012301
All 5 C3,conditional_percentile_100,15n040293
All 5 C3,conditional_percentile_100,15n031211
All 5 C3,conditional_percentile_100,15n048177
All 5 C3,conditional_percentile_100,15n127574
All 5 C3,conditional_percentile_100,15n163311
All 5 C3,conditional_percentile_100,15n143746
All 5 C3,conditional_percentile_100,15n078503
All 5 C3,conditional_percentile_100,15n032282
All 5 C3,conditional_percentile_100,15n140319
All 5 C3,conditional_percentile_100,15n135916
All 5 C3,conditional_percentile_100,15a51218
All 5 C3,conditional_percentile_100,15n159815
All 5 C3,conditional_percentile_100,15n105958
All 5 C3,conditional_percentile_100,15n158502
All 5 C3,conditional_percentile_100,15n055602
All 5 C3,conditional_percentile_100,15n119483
All 5 C3,conditional_percentile_100,15n133336
No Khovanov C3,raw_sse,15a53675
No Khovanov C3,raw_sse,15a84319
No Khovanov C3,raw_sse,15n122316
No Khovanov C3,raw_sse,15n028185
No Khovanov C3,raw_sse,15a68100
No Khovanov C3,raw_sse,15a67989
No Khovanov C3,raw_sse,15n033596
No Khovanov C3,raw_sse,15a28356
No Khovanov C3,raw_sse,15a85174
No Khovanov C3,raw_sse,15a79486
No Khovanov C3,raw_sse,15n062615
No Khovanov C3,raw_sse,15a58638
No Khovanov C3,raw_sse,15n005291
No Khovanov C3,raw_sse,15a76600
No Khovanov C3,raw_sse,15a53143
No Khovanov C3,raw_sse,15n033377
No Khovanov C3,raw_sse,15n023225
No Khovanov C3,raw_sse,15a83824
No Khovanov C3,raw_sse,15n135860
No Khovanov C3,raw_sse,15a58615
No Khovanov C3,raw_sse,15n054096
No Khovanov C3,raw_sse,15a81590
No Khovanov C3,raw_sse,15a58616
No Khovanov C3,raw_sse,15n163311
No Khovanov C3,raw_sse,15n143746
No Khovanov C3,raw_sse,15a18097
No Khovanov C3,raw_sse,15a46121
No Khovanov C3,raw_sse,15a53139
No Khovanov C3,raw_sse,15n119483
No Khovanov C3,raw_sse,15n011787
No Khovanov C3,raw_sse,15a32461
No Khovanov C3,relative_nre,14n12096
No Khovanov C3,relative_nre,15n156616
No Khovanov C3,relative_nre,14n10139
No Khovanov C3,relative_nre,14n18082
No Khovanov C3,relative_nre,15n164172
No Khovanov C3,relative_nre,15n082934
No Khovanov C3,relative_nre,15n011498
No Khovanov C3,relative_nre,14n12222
No Khovanov C3,relative_nre,14n08510
No Khovanov C3,relative_nre,15n012332
No Khovanov C3,relative_nre,14n16230
No Khovanov C3,relative_nre,14n11463
No Khovanov C3,relative_nre,15n127121
No Khovanov C3,relative_nre,15n126937
No Khovanov C3,relative_nre,14n07740
No Khovanov C3,relative_nre,15n086052
No Khovanov C3,relative_nre,14n01804
No Khovanov C3,relative_nre,14n17672
No Khovanov C3,relative_nre,14n14219
No Khovanov C3,relative_nre,15n156274
No Khovanov C3,relative_nre,15n012301
No Khovanov C3,relative_nre,14n08669
No Khovanov C3,relative_nre,15n020777
No Khovanov C3,relative_nre,15n092024
No Khovanov C3,relative_nre,15n127728
No Khovanov C3,relative_nre,15n163364
No Khovanov C3,relative_nre,15n161017
No Khovanov C3,relative_nre,15n055602
No Khovanov C3,relative_nre,15n089626
No Khovanov C3,relative_nre,15n137778
No Khovanov C3,relative_nre,15a85257
No Khovanov C3,residual_mahalanobis,15a84319
No Khovanov C3,residual_mahalanobis,15n164604
No Khovanov C3,residual_mahalanobis,15a85138
No Khovanov C3,residual_mahalanobis,15n028185
No Khovanov C3,residual_mahalanobis,15a85244
No Khovanov C3,residual_mahalanobis,15a67989
No Khovanov C3,residual_mahalanobis,15a85000
No Khovanov C3,residual_mahalanobis,15a85174
No Khovanov C3,residual_mahalanobis,15a83101
No Khovanov C3,residual_mahalanobis,15n118265
No Khovanov C3,residual_mahalanobis,15n140504
No Khovanov C3,residual_mahalanobis,15n068007
No Khovanov C3,residual_mahalanobis,15a84781
No Khovanov C3,residual_mahalanobis,15a78827
No Khovanov C3,residual_mahalanobis,15a76600
No Khovanov C3,residual_mahalanobis,15a85260
No Khovanov C3,residual_mahalanobis,15a53143
No Khovanov C3,residual_mahalanobis,15a85204
No Khovanov C3,residual_mahalanobis,14n21324
No Khovanov C3,residual_mahalanobis,15a85243
No Khovanov C3,residual_mahalanobis,15n060810
No Khovanov C3,residual_mahalanobis,15a83824
No Khovanov C3,residual_mahalanobis,15a84776
No Khovanov C3,residual_mahalanobis,15a58615
No Khovanov C3,residual_mahalanobis,15n054096
No Khovanov C3,residual_mahalanobis,15n163311
No Khovanov C3,residual_mahalanobis,15a85185
No Khovanov C3,residual_mahalanobis,15n143746
No Khovanov C3,residual_mahalanobis,15n135916
No Khovanov C3,residual_mahalanobis,15a53139
No Khovanov C3,residual_mahalanobis,15n119483
No Khovanov C3,residual_isolation_forest,15a84319
No Khovanov C3,residual_isolation_forest,15n028185
No Khovanov C3,residual_isolation_forest,15a68100
No Khovanov C3,residual_isolation_forest,15a67989
No Khovanov C3,residual_isolation_forest,15a28356
No Khovanov C3,residual_isolation_forest,15a85174
No Khovanov C3,residual_isolation_forest,15n118265
No Khovanov C3,residual_isolation_forest,15a79486
No Khovanov C3,residual_isolation_forest,15n140504
No Khovanov C3,residual_isolation_forest,15n062615
No Khovanov C3,residual_isolation_forest,15n005291
No Khovanov C3,residual_isolation_forest,15a78827
No Khovanov C3,residual_isolation_forest,15a76600
No Khovanov C3,residual_isolation_forest,14n06022
No Khovanov C3,residual_isolation_forest,15a85260
No Khovanov C3,residual_isolation_forest,15a53143
No Khovanov C3,residual_isolation_forest,15n060810
No Khovanov C3,residual_isolation_forest,15a83824
No Khovanov C3,residual_isolation_forest,15a58615
No Khovanov C3,residual_isolation_forest,15n054096
No Khovanov C3,residual_isolation_forest,15a81590
No Khovanov C3,residual_isolation_forest,15a73064
No Khovanov C3,residual_isolation_forest,15n163311
No Khovanov C3,residual_isolation_forest,15a85185
No Khovanov C3,residual_isolation_forest,15a18097
No Khovanov C3,residual_isolation_forest,15a46121
No Khovanov C3,residual_isolation_forest,15a53139
No Khovanov C3,residual_isolation_forest,15a81987
No Khovanov C3,residual_isolation_forest,15n119483
No Khovanov C3,residual_isolation_forest,15a32461
No Khovanov C3,residual_isolation_forest,15a71392
No Khovanov C3,conditional_percentile_100,14n07560
No Khovanov C3,conditional_percentile_100,15n133702
No Khovanov C3,conditional_percentile_100,15n156616
No Khovanov C3,conditional_percentile_100,15n079830
No Khovanov C3,conditional_percentile_100,14n18082
No Khovanov C3,conditional_percentile_100,15n164613
No Khovanov C3,conditional_percentile_100,15a83101
No Khovanov C3,conditional_percentile_100,15n140504
No Khovanov C3,conditional_percentile_100,15n068007
No Khovanov C3,conditional_percentile_100,15n089064
No Khovanov C3,conditional_percentile_100,15n033851
No Khovanov C3,conditional_percentile_100,15n050268
No Khovanov C3,conditional_percentile_100,15n093576
No Khovanov C3,conditional_percentile_100,14n08510
No Khovanov C3,conditional_percentile_100,15n163303
No Khovanov C3,conditional_percentile_100,15n159774
No Khovanov C3,conditional_percentile_100,15n012482
No Khovanov C3,conditional_percentile_100,15n062696
No Khovanov C3,conditional_percentile_100,15n140634
No Khovanov C3,conditional_percentile_100,15a58615
No Khovanov C3,conditional_percentile_100,15n031888
No Khovanov C3,conditional_percentile_100,15n160317
No Khovanov C3,conditional_percentile_100,15n012301
No Khovanov C3,conditional_percentile_100,15n031211
No Khovanov C3,conditional_percentile_100,15n127574
No Khovanov C3,conditional_percentile_100,15n163311
No Khovanov C3,conditional_percentile_100,15n143746
No Khovanov C3,conditional_percentile_100,15n135916
No Khovanov C3,conditional_percentile_100,15a51218
No Khovanov C3,conditional_percentile_100,15n055602
No Khovanov C3,conditional_percentile_100,15n119483
