residual_dim,method,family,affected_by_compression,metric,value,value_at_dim64,difference
32,raw_sse,All 5 >=3/5,False,n,263.0,263.0,0.0
32,raw_sse,All 5 >=3/5,False,nonalternating_n,102.0,102.0,0.0
32,raw_sse,All 5 >=3/5,False,abs_gap_positive_prop,0.696078431372549,0.696078431372549,0.0
32,raw_sse,All 5 >=3/5,False,mean_abs_gap,1.5098039215686274,1.5098039215686274,0.0
32,raw_sse,All 5 >=3/5,False,abs_gap_ge_4_prop,0.058823529411764705,0.058823529411764705,0.0
32,raw_sse,All 5 >=3/5,False,kh_diagonal_mean,2.349809885931559,2.349809885931559,0.0
32,raw_sse,All 5 >=3/5,False,kh_diagonal_ge_3_prop,0.3193916349809886,0.3193916349809886,0.0
32,raw_sse,All 5 >=3/5,False,kh_support_mean,29.988593155893536,29.988593155893536,0.0
32,raw_sse,All 5 >=3/5,False,crossing_15_prop,0.9429657794676806,0.9429657794676806,0.0
32,raw_sse,All 5 >=3/5,False,alternating_prop,0.6121673003802282,0.6121673003802282,0.0
32,raw_sse,No Khovanov >=3/4,False,n,220.0,220.0,0.0
32,raw_sse,No Khovanov >=3/4,False,nonalternating_n,69.0,69.0,0.0
32,raw_sse,No Khovanov >=3/4,False,abs_gap_positive_prop,0.7391304347826086,0.7391304347826086,0.0
32,raw_sse,No Khovanov >=3/4,False,mean_abs_gap,1.6231884057971016,1.6231884057971016,0.0
32,raw_sse,No Khovanov >=3/4,False,abs_gap_ge_4_prop,0.07246376811594203,0.07246376811594203,0.0
32,raw_sse,No Khovanov >=3/4,False,kh_diagonal_mean,2.290909090909091,2.290909090909091,0.0
32,raw_sse,No Khovanov >=3/4,False,kh_diagonal_ge_3_prop,0.2590909090909091,0.2590909090909091,0.0
32,raw_sse,No Khovanov >=3/4,False,kh_support_mean,30.154545454545456,30.154545454545456,0.0
32,raw_sse,No Khovanov >=3/4,False,crossing_15_prop,0.9363636363636364,0.9363636363636364,0.0
32,raw_sse,No Khovanov >=3/4,False,alternating_prop,0.6863636363636364,0.6863636363636364,0.0
32,raw_sse,Original raw strict 5/5,False,n,39.0,39.0,0.0
32,raw_sse,Original raw strict 5/5,False,nonalternating_n,16.0,16.0,0.0
32,raw_sse,Original raw strict 5/5,False,abs_gap_positive_prop,1.0,1.0,0.0
32,raw_sse,Original raw strict 5/5,False,mean_abs_gap,2.25,2.25,0.0
32,raw_sse,Original raw strict 5/5,False,abs_gap_ge_4_prop,0.125,0.125,0.0
32,raw_sse,Original raw strict 5/5,False,kh_diagonal_mean,2.4615384615384617,2.4615384615384617,0.0
32,raw_sse,Original raw strict 5/5,False,kh_diagonal_ge_3_prop,0.41025641025641024,0.41025641025641024,0.0
32,raw_sse,Original raw strict 5/5,False,kh_support_mean,30.692307692307693,30.692307692307693,0.0
32,raw_sse,Original raw strict 5/5,False,crossing_15_prop,1.0,1.0,0.0
32,raw_sse,Original raw strict 5/5,False,alternating_prop,0.5897435897435898,0.5897435897435898,0.0
32,relative_nre,All 5 >=3/5,False,n,18.0,18.0,0.0
32,relative_nre,All 5 >=3/5,False,nonalternating_n,18.0,18.0,0.0
32,relative_nre,All 5 >=3/5,False,abs_gap_positive_prop,0.3333333333333333,0.3333333333333333,0.0
32,relative_nre,All 5 >=3/5,False,mean_abs_gap,0.8888888888888888,0.8888888888888888,0.0
32,relative_nre,All 5 >=3/5,False,abs_gap_ge_4_prop,0.1111111111111111,0.1111111111111111,0.0
32,relative_nre,All 5 >=3/5,False,kh_diagonal_mean,3.388888888888889,3.388888888888889,0.0
32,relative_nre,All 5 >=3/5,False,kh_diagonal_ge_3_prop,0.9444444444444444,0.9444444444444444,0.0
32,relative_nre,All 5 >=3/5,False,kh_support_mean,29.77777777777778,29.77777777777778,0.0
32,relative_nre,All 5 >=3/5,False,crossing_15_prop,0.4444444444444444,0.4444444444444444,0.0
32,relative_nre,All 5 >=3/5,False,alternating_prop,0.0,0.0,0.0
32,relative_nre,No Khovanov >=3/4,False,n,5.0,5.0,0.0
32,relative_nre,No Khovanov >=3/4,False,nonalternating_n,5.0,5.0,0.0
32,relative_nre,No Khovanov >=3/4,False,abs_gap_positive_prop,0.6,0.6,0.0
32,relative_nre,No Khovanov >=3/4,False,mean_abs_gap,1.6,1.6,0.0
32,relative_nre,No Khovanov >=3/4,False,abs_gap_ge_4_prop,0.2,0.2,0.0
32,relative_nre,No Khovanov >=3/4,False,kh_diagonal_mean,3.6,3.6,0.0
32,relative_nre,No Khovanov >=3/4,False,kh_diagonal_ge_3_prop,1.0,1.0,0.0
32,relative_nre,No Khovanov >=3/4,False,kh_support_mean,31.4,31.4,0.0
32,relative_nre,No Khovanov >=3/4,False,crossing_15_prop,0.6,0.6,0.0
32,relative_nre,No Khovanov >=3/4,False,alternating_prop,0.0,0.0,0.0
32,residual_mahalanobis,All 5 >=3/5,True,n,317.0,334.0,-17.0
32,residual_mahalanobis,All 5 >=3/5,True,nonalternating_n,125.0,139.0,-14.0
32,residual_mahalanobis,All 5 >=3/5,True,abs_gap_positive_prop,0.616,0.6115107913669064,0.004489208633093544
32,residual_mahalanobis,All 5 >=3/5,True,mean_abs_gap,1.328,1.3093525179856116,0.018647482014388483
32,residual_mahalanobis,All 5 >=3/5,True,abs_gap_ge_4_prop,0.048,0.04316546762589928,0.004834532374100718
32,residual_mahalanobis,All 5 >=3/5,True,kh_diagonal_mean,2.321766561514196,2.3353293413173652,-0.013562779803169445
32,residual_mahalanobis,All 5 >=3/5,True,kh_diagonal_ge_3_prop,0.29337539432176657,0.3083832335329341,-0.01500783921116755
32,residual_mahalanobis,All 5 >=3/5,True,kh_support_mean,29.77917981072555,29.74550898203593,0.03367082868962257
32,residual_mahalanobis,All 5 >=3/5,True,crossing_15_prop,0.9652996845425867,0.9520958083832335,0.013203876159353256
32,residual_mahalanobis,All 5 >=3/5,True,alternating_prop,0.6056782334384858,0.5838323353293413,0.0218458981091445
32,residual_mahalanobis,No Khovanov >=3/4,True,n,269.0,275.0,-6.0
32,residual_mahalanobis,No Khovanov >=3/4,True,nonalternating_n,96.0,96.0,0.0
32,residual_mahalanobis,No Khovanov >=3/4,True,abs_gap_positive_prop,0.59375,0.59375,0.0
32,residual_mahalanobis,No Khovanov >=3/4,True,mean_abs_gap,1.2916666666666667,1.2916666666666667,0.0
32,residual_mahalanobis,No Khovanov >=3/4,True,abs_gap_ge_4_prop,0.052083333333333336,0.052083333333333336,0.0
32,residual_mahalanobis,No Khovanov >=3/4,True,kh_diagonal_mean,2.275092936802974,2.2654545454545456,0.009638391348428588
32,residual_mahalanobis,No Khovanov >=3/4,True,kh_diagonal_ge_3_prop,0.24907063197026022,0.24,0.009070631970260229
32,residual_mahalanobis,No Khovanov >=3/4,True,kh_support_mean,29.66171003717472,29.625454545454545,0.03625549172017628
32,residual_mahalanobis,No Khovanov >=3/4,True,crossing_15_prop,0.966542750929368,0.9672727272727273,-0.000729976343359251
32,residual_mahalanobis,No Khovanov >=3/4,True,alternating_prop,0.6431226765799256,0.6509090909090909,-0.00778641432916527
32,residual_isolation_forest,All 5 >=3/5,True,n,211.0,230.0,-19.0
32,residual_isolation_forest,All 5 >=3/5,True,nonalternating_n,79.0,111.0,-32.0
32,residual_isolation_forest,All 5 >=3/5,True,abs_gap_positive_prop,0.8354430379746836,0.8198198198198198,0.015623218154863783
32,residual_isolation_forest,All 5 >=3/5,True,mean_abs_gap,1.8227848101265822,1.7477477477477477,0.07503706237883456
32,residual_isolation_forest,All 5 >=3/5,True,abs_gap_ge_4_prop,0.0759493670886076,0.05405405405405406,0.02189531303455354
32,residual_isolation_forest,All 5 >=3/5,True,kh_diagonal_mean,2.3981042654028437,2.4782608695652173,-0.08015660416237358
32,residual_isolation_forest,All 5 >=3/5,True,kh_diagonal_ge_3_prop,0.36018957345971564,0.4434782608695652,-0.08328868740984957
32,residual_isolation_forest,All 5 >=3/5,True,kh_support_mean,30.587677725118482,30.62608695652174,-0.03840923140325714
32,residual_isolation_forest,All 5 >=3/5,True,crossing_15_prop,0.9715639810426541,0.9608695652173913,0.01069441582526276
32,residual_isolation_forest,All 5 >=3/5,True,alternating_prop,0.6255924170616114,0.5173913043478261,0.1082011127137853
32,residual_isolation_forest,No Khovanov >=3/4,True,n,129.0,120.0,9.0
32,residual_isolation_forest,No Khovanov >=3/4,True,nonalternating_n,36.0,43.0,-7.0
32,residual_isolation_forest,No Khovanov >=3/4,True,abs_gap_positive_prop,0.9722222222222222,0.9069767441860465,0.06524547803617575
32,residual_isolation_forest,No Khovanov >=3/4,True,mean_abs_gap,2.1666666666666665,2.0,0.16666666666666652
32,residual_isolation_forest,No Khovanov >=3/4,True,abs_gap_ge_4_prop,0.1111111111111111,0.09302325581395349,0.018087855297157618
32,residual_isolation_forest,No Khovanov >=3/4,True,kh_diagonal_mean,2.3255813953488373,2.408333333333333,-0.08275193798449587
32,residual_isolation_forest,No Khovanov >=3/4,True,kh_diagonal_ge_3_prop,0.27906976744186046,0.35833333333333334,-0.07926356589147288
32,residual_isolation_forest,No Khovanov >=3/4,True,kh_support_mean,30.372093023255815,30.341666666666665,0.030426356589149606
32,residual_isolation_forest,No Khovanov >=3/4,True,crossing_15_prop,0.9844961240310077,0.975,0.009496124031007747
32,residual_isolation_forest,No Khovanov >=3/4,True,alternating_prop,0.7209302325581395,0.6416666666666667,0.07926356589147276
32,conditional_percentile_100,All 5 >=3/5,False,n,60.0,60.0,0.0
32,conditional_percentile_100,All 5 >=3/5,False,nonalternating_n,52.0,52.0,0.0
32,conditional_percentile_100,All 5 >=3/5,False,abs_gap_positive_prop,0.7307692307692307,0.7307692307692307,0.0
32,conditional_percentile_100,All 5 >=3/5,False,mean_abs_gap,1.7307692307692308,1.7307692307692308,0.0
32,conditional_percentile_100,All 5 >=3/5,False,abs_gap_ge_4_prop,0.1346153846153846,0.1346153846153846,0.0
32,conditional_percentile_100,All 5 >=3/5,False,kh_diagonal_mean,3.0166666666666666,3.0166666666666666,0.0
32,conditional_percentile_100,All 5 >=3/5,False,kh_diagonal_ge_3_prop,0.85,0.85,0.0
32,conditional_percentile_100,All 5 >=3/5,False,kh_support_mean,30.133333333333333,30.133333333333333,0.0
32,conditional_percentile_100,All 5 >=3/5,False,crossing_15_prop,0.8166666666666667,0.8166666666666667,0.0
32,conditional_percentile_100,All 5 >=3/5,False,alternating_prop,0.13333333333333333,0.13333333333333333,0.0
32,conditional_percentile_100,No Khovanov >=3/4,False,n,31.0,31.0,0.0
32,conditional_percentile_100,No Khovanov >=3/4,False,nonalternating_n,28.0,28.0,0.0
32,conditional_percentile_100,No Khovanov >=3/4,False,abs_gap_positive_prop,0.7857142857142857,0.7857142857142857,0.0
32,conditional_percentile_100,No Khovanov >=3/4,False,mean_abs_gap,2.0,2.0,0.0
32,conditional_percentile_100,No Khovanov >=3/4,False,abs_gap_ge_4_prop,0.21428571428571427,0.21428571428571427,0.0
32,conditional_percentile_100,No Khovanov >=3/4,False,kh_diagonal_mean,3.161290322580645,3.161290322580645,0.0
32,conditional_percentile_100,No Khovanov >=3/4,False,kh_diagonal_ge_3_prop,0.8709677419354839,0.8709677419354839,0.0
32,conditional_percentile_100,No Khovanov >=3/4,False,kh_support_mean,31.129032258064516,31.129032258064516,0.0
32,conditional_percentile_100,No Khovanov >=3/4,False,crossing_15_prop,0.9032258064516129,0.9032258064516129,0.0
32,conditional_percentile_100,No Khovanov >=3/4,False,alternating_prop,0.0967741935483871,0.0967741935483871,0.0
128,raw_sse,All 5 >=3/5,False,n,263.0,263.0,0.0
128,raw_sse,All 5 >=3/5,False,nonalternating_n,102.0,102.0,0.0
128,raw_sse,All 5 >=3/5,False,abs_gap_positive_prop,0.696078431372549,0.696078431372549,0.0
128,raw_sse,All 5 >=3/5,False,mean_abs_gap,1.5098039215686274,1.5098039215686274,0.0
128,raw_sse,All 5 >=3/5,False,abs_gap_ge_4_prop,0.058823529411764705,0.058823529411764705,0.0
128,raw_sse,All 5 >=3/5,False,kh_diagonal_mean,2.349809885931559,2.349809885931559,0.0
128,raw_sse,All 5 >=3/5,False,kh_diagonal_ge_3_prop,0.3193916349809886,0.3193916349809886,0.0
128,raw_sse,All 5 >=3/5,False,kh_support_mean,29.988593155893536,29.988593155893536,0.0
128,raw_sse,All 5 >=3/5,False,crossing_15_prop,0.9429657794676806,0.9429657794676806,0.0
128,raw_sse,All 5 >=3/5,False,alternating_prop,0.6121673003802282,0.6121673003802282,0.0
128,raw_sse,No Khovanov >=3/4,False,n,220.0,220.0,0.0
128,raw_sse,No Khovanov >=3/4,False,nonalternating_n,69.0,69.0,0.0
128,raw_sse,No Khovanov >=3/4,False,abs_gap_positive_prop,0.7391304347826086,0.7391304347826086,0.0
128,raw_sse,No Khovanov >=3/4,False,mean_abs_gap,1.6231884057971016,1.6231884057971016,0.0
128,raw_sse,No Khovanov >=3/4,False,abs_gap_ge_4_prop,0.07246376811594203,0.07246376811594203,0.0
128,raw_sse,No Khovanov >=3/4,False,kh_diagonal_mean,2.290909090909091,2.290909090909091,0.0
128,raw_sse,No Khovanov >=3/4,False,kh_diagonal_ge_3_prop,0.2590909090909091,0.2590909090909091,0.0
128,raw_sse,No Khovanov >=3/4,False,kh_support_mean,30.154545454545456,30.154545454545456,0.0
128,raw_sse,No Khovanov >=3/4,False,crossing_15_prop,0.9363636363636364,0.9363636363636364,0.0
128,raw_sse,No Khovanov >=3/4,False,alternating_prop,0.6863636363636364,0.6863636363636364,0.0
128,raw_sse,Original raw strict 5/5,False,n,39.0,39.0,0.0
128,raw_sse,Original raw strict 5/5,False,nonalternating_n,16.0,16.0,0.0
128,raw_sse,Original raw strict 5/5,False,abs_gap_positive_prop,1.0,1.0,0.0
128,raw_sse,Original raw strict 5/5,False,mean_abs_gap,2.25,2.25,0.0
128,raw_sse,Original raw strict 5/5,False,abs_gap_ge_4_prop,0.125,0.125,0.0
128,raw_sse,Original raw strict 5/5,False,kh_diagonal_mean,2.4615384615384617,2.4615384615384617,0.0
128,raw_sse,Original raw strict 5/5,False,kh_diagonal_ge_3_prop,0.41025641025641024,0.41025641025641024,0.0
128,raw_sse,Original raw strict 5/5,False,kh_support_mean,30.692307692307693,30.692307692307693,0.0
128,raw_sse,Original raw strict 5/5,False,crossing_15_prop,1.0,1.0,0.0
128,raw_sse,Original raw strict 5/5,False,alternating_prop,0.5897435897435898,0.5897435897435898,0.0
128,relative_nre,All 5 >=3/5,False,n,18.0,18.0,0.0
128,relative_nre,All 5 >=3/5,False,nonalternating_n,18.0,18.0,0.0
128,relative_nre,All 5 >=3/5,False,abs_gap_positive_prop,0.3333333333333333,0.3333333333333333,0.0
128,relative_nre,All 5 >=3/5,False,mean_abs_gap,0.8888888888888888,0.8888888888888888,0.0
128,relative_nre,All 5 >=3/5,False,abs_gap_ge_4_prop,0.1111111111111111,0.1111111111111111,0.0
128,relative_nre,All 5 >=3/5,False,kh_diagonal_mean,3.388888888888889,3.388888888888889,0.0
128,relative_nre,All 5 >=3/5,False,kh_diagonal_ge_3_prop,0.9444444444444444,0.9444444444444444,0.0
128,relative_nre,All 5 >=3/5,False,kh_support_mean,29.77777777777778,29.77777777777778,0.0
128,relative_nre,All 5 >=3/5,False,crossing_15_prop,0.4444444444444444,0.4444444444444444,0.0
128,relative_nre,All 5 >=3/5,False,alternating_prop,0.0,0.0,0.0
128,relative_nre,No Khovanov >=3/4,False,n,5.0,5.0,0.0
128,relative_nre,No Khovanov >=3/4,False,nonalternating_n,5.0,5.0,0.0
128,relative_nre,No Khovanov >=3/4,False,abs_gap_positive_prop,0.6,0.6,0.0
128,relative_nre,No Khovanov >=3/4,False,mean_abs_gap,1.6,1.6,0.0
128,relative_nre,No Khovanov >=3/4,False,abs_gap_ge_4_prop,0.2,0.2,0.0
128,relative_nre,No Khovanov >=3/4,False,kh_diagonal_mean,3.6,3.6,0.0
128,relative_nre,No Khovanov >=3/4,False,kh_diagonal_ge_3_prop,1.0,1.0,0.0
128,relative_nre,No Khovanov >=3/4,False,kh_support_mean,31.4,31.4,0.0
128,relative_nre,No Khovanov >=3/4,False,crossing_15_prop,0.6,0.6,0.0
128,relative_nre,No Khovanov >=3/4,False,alternating_prop,0.0,0.0,0.0
128,residual_mahalanobis,All 5 >=3/5,True,n,330.0,334.0,-4.0
128,residual_mahalanobis,All 5 >=3/5,True,nonalternating_n,144.0,139.0,5.0
128,residual_mahalanobis,All 5 >=3/5,True,abs_gap_positive_prop,0.625,0.6115107913669064,0.013489208633093552
128,residual_mahalanobis,All 5 >=3/5,True,mean_abs_gap,1.3333333333333333,1.3093525179856116,0.023980815347721673
128,residual_mahalanobis,All 5 >=3/5,True,abs_gap_ge_4_prop,0.041666666666666664,0.04316546762589928,-0.0014988009592326185
128,residual_mahalanobis,All 5 >=3/5,True,kh_diagonal_mean,2.3545454545454545,2.3353293413173652,0.01921611322808925
128,residual_mahalanobis,All 5 >=3/5,True,kh_diagonal_ge_3_prop,0.32727272727272727,0.3083832335329341,0.01888949373979315
128,residual_mahalanobis,All 5 >=3/5,True,kh_support_mean,29.69090909090909,29.74550898203593,-0.05459989112683772
128,residual_mahalanobis,All 5 >=3/5,True,crossing_15_prop,0.9484848484848485,0.9520958083832335,-0.003610959898385002
128,residual_mahalanobis,All 5 >=3/5,True,alternating_prop,0.5636363636363636,0.5838323353293413,-0.02019597169297771
128,residual_mahalanobis,No Khovanov >=3/4,True,n,275.0,275.0,0.0
128,residual_mahalanobis,No Khovanov >=3/4,True,nonalternating_n,96.0,96.0,0.0
128,residual_mahalanobis,No Khovanov >=3/4,True,abs_gap_positive_prop,0.59375,0.59375,0.0
128,residual_mahalanobis,No Khovanov >=3/4,True,mean_abs_gap,1.2916666666666667,1.2916666666666667,0.0
128,residual_mahalanobis,No Khovanov >=3/4,True,abs_gap_ge_4_prop,0.052083333333333336,0.052083333333333336,0.0
128,residual_mahalanobis,No Khovanov >=3/4,True,kh_diagonal_mean,2.2654545454545456,2.2654545454545456,0.0
128,residual_mahalanobis,No Khovanov >=3/4,True,kh_diagonal_ge_3_prop,0.24,0.24,0.0
128,residual_mahalanobis,No Khovanov >=3/4,True,kh_support_mean,29.625454545454545,29.625454545454545,0.0
128,residual_mahalanobis,No Khovanov >=3/4,True,crossing_15_prop,0.9672727272727273,0.9672727272727273,0.0
128,residual_mahalanobis,No Khovanov >=3/4,True,alternating_prop,0.6509090909090909,0.6509090909090909,0.0
128,residual_isolation_forest,All 5 >=3/5,True,n,205.0,230.0,-25.0
128,residual_isolation_forest,All 5 >=3/5,True,nonalternating_n,98.0,111.0,-13.0
128,residual_isolation_forest,All 5 >=3/5,True,abs_gap_positive_prop,0.8469387755102041,0.8198198198198198,0.02711895569038436
128,residual_isolation_forest,All 5 >=3/5,True,mean_abs_gap,1.816326530612245,1.7477477477477477,0.06857878286449726
128,residual_isolation_forest,All 5 >=3/5,True,abs_gap_ge_4_prop,0.061224489795918366,0.05405405405405406,0.007170435741864309
128,residual_isolation_forest,All 5 >=3/5,True,kh_diagonal_mean,2.473170731707317,2.4782608695652173,-0.005090137857900245
128,residual_isolation_forest,All 5 >=3/5,True,kh_diagonal_ge_3_prop,0.43414634146341463,0.4434782608695652,-0.00933191940615058
128,residual_isolation_forest,All 5 >=3/5,True,kh_support_mean,30.526829268292683,30.62608695652174,-0.09925768822905567
128,residual_isolation_forest,All 5 >=3/5,True,crossing_15_prop,0.9609756097560975,0.9608695652173913,0.0001060445387062181
128,residual_isolation_forest,All 5 >=3/5,True,alternating_prop,0.5219512195121951,0.5173913043478261,0.004559915164369044
128,residual_isolation_forest,No Khovanov >=3/4,True,n,107.0,120.0,-13.0
128,residual_isolation_forest,No Khovanov >=3/4,True,nonalternating_n,32.0,43.0,-11.0
128,residual_isolation_forest,No Khovanov >=3/4,True,abs_gap_positive_prop,1.0,0.9069767441860465,0.09302325581395354
128,residual_isolation_forest,No Khovanov >=3/4,True,mean_abs_gap,2.25,2.0,0.25
128,residual_isolation_forest,No Khovanov >=3/4,True,abs_gap_ge_4_prop,0.125,0.09302325581395349,0.03197674418604651
128,residual_isolation_forest,No Khovanov >=3/4,True,kh_diagonal_mean,2.3551401869158877,2.408333333333333,-0.05319314641744555
128,residual_isolation_forest,No Khovanov >=3/4,True,kh_diagonal_ge_3_prop,0.29906542056074764,0.35833333333333334,-0.059267912772585696
128,residual_isolation_forest,No Khovanov >=3/4,True,kh_support_mean,29.91588785046729,30.341666666666665,-0.42577881619937585
128,residual_isolation_forest,No Khovanov >=3/4,True,crossing_15_prop,0.9813084112149533,0.975,0.006308411214953291
128,residual_isolation_forest,No Khovanov >=3/4,True,alternating_prop,0.7009345794392523,0.6416666666666667,0.059267912772585585
128,conditional_percentile_100,All 5 >=3/5,False,n,60.0,60.0,0.0
128,conditional_percentile_100,All 5 >=3/5,False,nonalternating_n,52.0,52.0,0.0
128,conditional_percentile_100,All 5 >=3/5,False,abs_gap_positive_prop,0.7307692307692307,0.7307692307692307,0.0
128,conditional_percentile_100,All 5 >=3/5,False,mean_abs_gap,1.7307692307692308,1.7307692307692308,0.0
128,conditional_percentile_100,All 5 >=3/5,False,abs_gap_ge_4_prop,0.1346153846153846,0.1346153846153846,0.0
128,conditional_percentile_100,All 5 >=3/5,False,kh_diagonal_mean,3.0166666666666666,3.0166666666666666,0.0
128,conditional_percentile_100,All 5 >=3/5,False,kh_diagonal_ge_3_prop,0.85,0.85,0.0
128,conditional_percentile_100,All 5 >=3/5,False,kh_support_mean,30.133333333333333,30.133333333333333,0.0
128,conditional_percentile_100,All 5 >=3/5,False,crossing_15_prop,0.8166666666666667,0.8166666666666667,0.0
128,conditional_percentile_100,All 5 >=3/5,False,alternating_prop,0.13333333333333333,0.13333333333333333,0.0
128,conditional_percentile_100,No Khovanov >=3/4,False,n,31.0,31.0,0.0
128,conditional_percentile_100,No Khovanov >=3/4,False,nonalternating_n,28.0,28.0,0.0
128,conditional_percentile_100,No Khovanov >=3/4,False,abs_gap_positive_prop,0.7857142857142857,0.7857142857142857,0.0
128,conditional_percentile_100,No Khovanov >=3/4,False,mean_abs_gap,2.0,2.0,0.0
128,conditional_percentile_100,No Khovanov >=3/4,False,abs_gap_ge_4_prop,0.21428571428571427,0.21428571428571427,0.0
128,conditional_percentile_100,No Khovanov >=3/4,False,kh_diagonal_mean,3.161290322580645,3.161290322580645,0.0
128,conditional_percentile_100,No Khovanov >=3/4,False,kh_diagonal_ge_3_prop,0.8709677419354839,0.8709677419354839,0.0
128,conditional_percentile_100,No Khovanov >=3/4,False,kh_support_mean,31.129032258064516,31.129032258064516,0.0
128,conditional_percentile_100,No Khovanov >=3/4,False,crossing_15_prop,0.9032258064516129,0.9032258064516129,0.0
128,conditional_percentile_100,No Khovanov >=3/4,False,alternating_prop,0.0967741935483871,0.0967741935483871,0.0
none,raw_sse,All 5 >=3/5,False,n,263.0,263.0,0.0
none,raw_sse,All 5 >=3/5,False,nonalternating_n,102.0,102.0,0.0
none,raw_sse,All 5 >=3/5,False,abs_gap_positive_prop,0.696078431372549,0.696078431372549,0.0
none,raw_sse,All 5 >=3/5,False,mean_abs_gap,1.5098039215686274,1.5098039215686274,0.0
none,raw_sse,All 5 >=3/5,False,abs_gap_ge_4_prop,0.058823529411764705,0.058823529411764705,0.0
none,raw_sse,All 5 >=3/5,False,kh_diagonal_mean,2.349809885931559,2.349809885931559,0.0
none,raw_sse,All 5 >=3/5,False,kh_diagonal_ge_3_prop,0.3193916349809886,0.3193916349809886,0.0
none,raw_sse,All 5 >=3/5,False,kh_support_mean,29.988593155893536,29.988593155893536,0.0
none,raw_sse,All 5 >=3/5,False,crossing_15_prop,0.9429657794676806,0.9429657794676806,0.0
none,raw_sse,All 5 >=3/5,False,alternating_prop,0.6121673003802282,0.6121673003802282,0.0
none,raw_sse,No Khovanov >=3/4,False,n,220.0,220.0,0.0
none,raw_sse,No Khovanov >=3/4,False,nonalternating_n,69.0,69.0,0.0
none,raw_sse,No Khovanov >=3/4,False,abs_gap_positive_prop,0.7391304347826086,0.7391304347826086,0.0
none,raw_sse,No Khovanov >=3/4,False,mean_abs_gap,1.6231884057971016,1.6231884057971016,0.0
none,raw_sse,No Khovanov >=3/4,False,abs_gap_ge_4_prop,0.07246376811594203,0.07246376811594203,0.0
none,raw_sse,No Khovanov >=3/4,False,kh_diagonal_mean,2.290909090909091,2.290909090909091,0.0
none,raw_sse,No Khovanov >=3/4,False,kh_diagonal_ge_3_prop,0.2590909090909091,0.2590909090909091,0.0
none,raw_sse,No Khovanov >=3/4,False,kh_support_mean,30.154545454545456,30.154545454545456,0.0
none,raw_sse,No Khovanov >=3/4,False,crossing_15_prop,0.9363636363636364,0.9363636363636364,0.0
none,raw_sse,No Khovanov >=3/4,False,alternating_prop,0.6863636363636364,0.6863636363636364,0.0
none,raw_sse,Original raw strict 5/5,False,n,39.0,39.0,0.0
none,raw_sse,Original raw strict 5/5,False,nonalternating_n,16.0,16.0,0.0
none,raw_sse,Original raw strict 5/5,False,abs_gap_positive_prop,1.0,1.0,0.0
none,raw_sse,Original raw strict 5/5,False,mean_abs_gap,2.25,2.25,0.0
none,raw_sse,Original raw strict 5/5,False,abs_gap_ge_4_prop,0.125,0.125,0.0
none,raw_sse,Original raw strict 5/5,False,kh_diagonal_mean,2.4615384615384617,2.4615384615384617,0.0
none,raw_sse,Original raw strict 5/5,False,kh_diagonal_ge_3_prop,0.41025641025641024,0.41025641025641024,0.0
none,raw_sse,Original raw strict 5/5,False,kh_support_mean,30.692307692307693,30.692307692307693,0.0
none,raw_sse,Original raw strict 5/5,False,crossing_15_prop,1.0,1.0,0.0
none,raw_sse,Original raw strict 5/5,False,alternating_prop,0.5897435897435898,0.5897435897435898,0.0
none,relative_nre,All 5 >=3/5,False,n,18.0,18.0,0.0
none,relative_nre,All 5 >=3/5,False,nonalternating_n,18.0,18.0,0.0
none,relative_nre,All 5 >=3/5,False,abs_gap_positive_prop,0.3333333333333333,0.3333333333333333,0.0
none,relative_nre,All 5 >=3/5,False,mean_abs_gap,0.8888888888888888,0.8888888888888888,0.0
none,relative_nre,All 5 >=3/5,False,abs_gap_ge_4_prop,0.1111111111111111,0.1111111111111111,0.0
none,relative_nre,All 5 >=3/5,False,kh_diagonal_mean,3.388888888888889,3.388888888888889,0.0
none,relative_nre,All 5 >=3/5,False,kh_diagonal_ge_3_prop,0.9444444444444444,0.9444444444444444,0.0
none,relative_nre,All 5 >=3/5,False,kh_support_mean,29.77777777777778,29.77777777777778,0.0
none,relative_nre,All 5 >=3/5,False,crossing_15_prop,0.4444444444444444,0.4444444444444444,0.0
none,relative_nre,All 5 >=3/5,False,alternating_prop,0.0,0.0,0.0
none,relative_nre,No Khovanov >=3/4,False,n,5.0,5.0,0.0
none,relative_nre,No Khovanov >=3/4,False,nonalternating_n,5.0,5.0,0.0
none,relative_nre,No Khovanov >=3/4,False,abs_gap_positive_prop,0.6,0.6,0.0
none,relative_nre,No Khovanov >=3/4,False,mean_abs_gap,1.6,1.6,0.0
none,relative_nre,No Khovanov >=3/4,False,abs_gap_ge_4_prop,0.2,0.2,0.0
none,relative_nre,No Khovanov >=3/4,False,kh_diagonal_mean,3.6,3.6,0.0
none,relative_nre,No Khovanov >=3/4,False,kh_diagonal_ge_3_prop,1.0,1.0,0.0
none,relative_nre,No Khovanov >=3/4,False,kh_support_mean,31.4,31.4,0.0
none,relative_nre,No Khovanov >=3/4,False,crossing_15_prop,0.6,0.6,0.0
none,relative_nre,No Khovanov >=3/4,False,alternating_prop,0.0,0.0,0.0
none,residual_mahalanobis,All 5 >=3/5,True,n,328.0,334.0,-6.0
none,residual_mahalanobis,All 5 >=3/5,True,nonalternating_n,141.0,139.0,2.0
none,residual_mahalanobis,All 5 >=3/5,True,abs_gap_positive_prop,0.624113475177305,0.6115107913669064,0.01260268381039853
none,residual_mahalanobis,All 5 >=3/5,True,mean_abs_gap,1.3333333333333333,1.3093525179856116,0.023980815347721673
none,residual_mahalanobis,All 5 >=3/5,True,abs_gap_ge_4_prop,0.0425531914893617,0.04316546762589928,-0.0006122761365375817
none,residual_mahalanobis,All 5 >=3/5,True,kh_diagonal_mean,2.350609756097561,2.3353293413173652,0.015280414780195706
none,residual_mahalanobis,All 5 >=3/5,True,kh_diagonal_ge_3_prop,0.3231707317073171,0.3083832335329341,0.014787498174382963
none,residual_mahalanobis,All 5 >=3/5,True,kh_support_mean,29.661585365853657,29.74550898203593,-0.08392361618227184
none,residual_mahalanobis,All 5 >=3/5,True,crossing_15_prop,0.948170731707317,0.9520958083832335,-0.003925076675916461
none,residual_mahalanobis,All 5 >=3/5,True,alternating_prop,0.5701219512195121,0.5838323353293413,-0.013710384109829166
none,residual_mahalanobis,No Khovanov >=3/4,True,n,275.0,275.0,0.0
none,residual_mahalanobis,No Khovanov >=3/4,True,nonalternating_n,96.0,96.0,0.0
none,residual_mahalanobis,No Khovanov >=3/4,True,abs_gap_positive_prop,0.59375,0.59375,0.0
none,residual_mahalanobis,No Khovanov >=3/4,True,mean_abs_gap,1.2916666666666667,1.2916666666666667,0.0
none,residual_mahalanobis,No Khovanov >=3/4,True,abs_gap_ge_4_prop,0.052083333333333336,0.052083333333333336,0.0
none,residual_mahalanobis,No Khovanov >=3/4,True,kh_diagonal_mean,2.2654545454545456,2.2654545454545456,0.0
none,residual_mahalanobis,No Khovanov >=3/4,True,kh_diagonal_ge_3_prop,0.24,0.24,0.0
none,residual_mahalanobis,No Khovanov >=3/4,True,kh_support_mean,29.625454545454545,29.625454545454545,0.0
none,residual_mahalanobis,No Khovanov >=3/4,True,crossing_15_prop,0.9672727272727273,0.9672727272727273,0.0
none,residual_mahalanobis,No Khovanov >=3/4,True,alternating_prop,0.6509090909090909,0.6509090909090909,0.0
none,residual_isolation_forest,All 5 >=3/5,True,n,200.0,230.0,-30.0
none,residual_isolation_forest,All 5 >=3/5,True,nonalternating_n,89.0,111.0,-22.0
none,residual_isolation_forest,All 5 >=3/5,True,abs_gap_positive_prop,0.8764044943820225,0.8198198198198198,0.05658467456220273
none,residual_isolation_forest,All 5 >=3/5,True,mean_abs_gap,1.8876404494382022,1.7477477477477477,0.13989270169045454
none,residual_isolation_forest,All 5 >=3/5,True,abs_gap_ge_4_prop,0.06741573033707865,0.05405405405405406,0.013361676283024593
none,residual_isolation_forest,All 5 >=3/5,True,kh_diagonal_mean,2.46,2.4782608695652173,-0.01826086956521733
none,residual_isolation_forest,All 5 >=3/5,True,kh_diagonal_ge_3_prop,0.42,0.4434782608695652,-0.023478260869565226
none,residual_isolation_forest,All 5 >=3/5,True,kh_support_mean,30.44,30.62608695652174,-0.1860869565217378
none,residual_isolation_forest,All 5 >=3/5,True,crossing_15_prop,0.965,0.9608695652173913,0.004130434782608661
none,residual_isolation_forest,All 5 >=3/5,True,alternating_prop,0.555,0.5173913043478261,0.03760869565217395
none,residual_isolation_forest,No Khovanov >=3/4,True,n,103.0,120.0,-17.0
none,residual_isolation_forest,No Khovanov >=3/4,True,nonalternating_n,41.0,43.0,-2.0
none,residual_isolation_forest,No Khovanov >=3/4,True,abs_gap_positive_prop,0.926829268292683,0.9069767441860465,0.019852524106636515
none,residual_isolation_forest,No Khovanov >=3/4,True,mean_abs_gap,2.048780487804878,2.0,0.04878048780487809
none,residual_isolation_forest,No Khovanov >=3/4,True,abs_gap_ge_4_prop,0.0975609756097561,0.09302325581395349,0.004537719795802614
none,residual_isolation_forest,No Khovanov >=3/4,True,kh_diagonal_mean,2.4466019417475726,2.408333333333333,0.0382686084142394
none,residual_isolation_forest,No Khovanov >=3/4,True,kh_diagonal_ge_3_prop,0.3883495145631068,0.35833333333333334,0.030016181229773453
none,residual_isolation_forest,No Khovanov >=3/4,True,kh_support_mean,30.339805825242717,30.341666666666665,-0.0018608414239480453
none,residual_isolation_forest,No Khovanov >=3/4,True,crossing_15_prop,0.9805825242718447,0.975,0.005582524271844691
none,residual_isolation_forest,No Khovanov >=3/4,True,alternating_prop,0.6019417475728155,0.6416666666666667,-0.03972491909385123
none,conditional_percentile_100,All 5 >=3/5,False,n,60.0,60.0,0.0
none,conditional_percentile_100,All 5 >=3/5,False,nonalternating_n,52.0,52.0,0.0
none,conditional_percentile_100,All 5 >=3/5,False,abs_gap_positive_prop,0.7307692307692307,0.7307692307692307,0.0
none,conditional_percentile_100,All 5 >=3/5,False,mean_abs_gap,1.7307692307692308,1.7307692307692308,0.0
none,conditional_percentile_100,All 5 >=3/5,False,abs_gap_ge_4_prop,0.1346153846153846,0.1346153846153846,0.0
none,conditional_percentile_100,All 5 >=3/5,False,kh_diagonal_mean,3.0166666666666666,3.0166666666666666,0.0
none,conditional_percentile_100,All 5 >=3/5,False,kh_diagonal_ge_3_prop,0.85,0.85,0.0
none,conditional_percentile_100,All 5 >=3/5,False,kh_support_mean,30.133333333333333,30.133333333333333,0.0
none,conditional_percentile_100,All 5 >=3/5,False,crossing_15_prop,0.8166666666666667,0.8166666666666667,0.0
none,conditional_percentile_100,All 5 >=3/5,False,alternating_prop,0.13333333333333333,0.13333333333333333,0.0
none,conditional_percentile_100,No Khovanov >=3/4,False,n,31.0,31.0,0.0
none,conditional_percentile_100,No Khovanov >=3/4,False,nonalternating_n,28.0,28.0,0.0
none,conditional_percentile_100,No Khovanov >=3/4,False,abs_gap_positive_prop,0.7857142857142857,0.7857142857142857,0.0
none,conditional_percentile_100,No Khovanov >=3/4,False,mean_abs_gap,2.0,2.0,0.0
none,conditional_percentile_100,No Khovanov >=3/4,False,abs_gap_ge_4_prop,0.21428571428571427,0.21428571428571427,0.0
none,conditional_percentile_100,No Khovanov >=3/4,False,kh_diagonal_mean,3.161290322580645,3.161290322580645,0.0
none,conditional_percentile_100,No Khovanov >=3/4,False,kh_diagonal_ge_3_prop,0.8709677419354839,0.8709677419354839,0.0
none,conditional_percentile_100,No Khovanov >=3/4,False,kh_support_mean,31.129032258064516,31.129032258064516,0.0
none,conditional_percentile_100,No Khovanov >=3/4,False,crossing_15_prop,0.9032258064516129,0.9032258064516129,0.0
none,conditional_percentile_100,No Khovanov >=3/4,False,alternating_prop,0.0967741935483871,0.0967741935483871,0.0
